index,pass_ID,scenario,time_crit,JRT,WT,commuter,age_50_65,age_65plus,Crowding_3_2,Crowding_4_3,Crowding_4_2,output_choice
0,1,1,1,20,10,0,0,1,1,0,0,0
0,1,2,1,20,5,0,0,1,1,0,0,1
0,1,3,1,20,10,0,0,1,0,1,0,0
0,1,4,1,20,5,0,0,1,0,1,0,1
0,1,5,1,20,10,0,0,1,0,0,1,0
0,1,6,1,20,5,0,0,1,0,0,1,1
1,2,1,1,15,10,1,0,0,1,0,0,0
1,2,2,1,15,5,1,0,0,1,0,0,0
1,2,3,1,15,10,1,0,0,0,1,0,0
1,2,4,1,15,5,1,0,0,0,1,0,0
1,2,5,1,15,10,1,0,0,0,0,1,0
1,2,6,1,15,5,1,0,0,0,0,1,0
2,3,1,1,15,10,1,0,0,1,0,0,0
2,3,2,1,15,5,1,0,0,1,0,0,0
2,3,3,1,15,10,1,0,0,0,1,0,0
2,3,4,1,15,5,1,0,0,0,1,0,1
2,3,5,1,15,10,1,0,0,0,0,1,0
2,3,6,1,15,5,1,0,0,0,0,1,1
3,4,1,1,30,10,1,0,0,1,0,0,0
3,4,2,1,30,5,1,0,0,1,0,0,0
3,4,3,1,30,10,1,0,0,0,1,0,0
3,4,4,1,30,5,1,0,0,0,1,0,1
3,4,5,1,30,10,1,0,0,0,0,1,0
3,4,6,1,30,5,1,0,0,0,0,1,1
4,5,1,0,20,10,1,0,0,1,0,0,1
4,5,2,0,20,5,1,0,0,1,0,0,1
4,5,3,0,20,10,1,0,0,0,1,0,1
4,5,4,0,20,5,1,0,0,0,1,0,1
4,5,5,0,20,10,1,0,0,0,0,1,1
4,5,6,0,20,5,1,0,0,0,0,1,1
5,6,1,1,25,10,1,0,0,1,0,0,0
5,6,2,1,25,5,1,0,0,1,0,0,0
5,6,3,1,25,10,1,0,0,0,1,0,1
5,6,4,1,25,5,1,0,0,0,1,0,1
5,6,5,1,25,10,1,0,0,0,0,1,1
5,6,6,1,25,5,1,0,0,0,0,1,1
6,7,1,0,10,10,1,0,0,1,0,0,1
6,7,2,0,10,5,1,0,0,1,0,0,1
6,7,3,0,10,10,1,0,0,0,1,0,1
6,7,4,0,10,5,1,0,0,0,1,0,1
6,7,5,0,10,10,1,0,0,0,0,1,1
6,7,6,0,10,5,1,0,0,0,0,1,1
7,8,1,1,15,10,1,0,0,1,0,0,0
7,8,2,1,15,5,1,0,0,1,0,0,0
7,8,3,1,15,10,1,0,0,0,1,0,0
7,8,4,1,15,5,1,0,0,0,1,0,1
7,8,5,1,15,10,1,0,0,0,0,1,0
7,8,6,1,15,5,1,0,0,0,0,1,1
8,9,1,1,30,10,1,0,0,1,0,0,0
8,9,2,1,30,5,1,0,0,1,0,0,0
8,9,3,1,30,10,1,0,0,0,1,0,1
8,9,4,1,30,5,1,0,0,0,1,0,1
8,9,5,1,30,10,1,0,0,0,0,1,1
8,9,6,1,30,5,1,0,0,0,0,1,1
9,10,1,0,25,10,1,0,1,1,0,0,0
9,10,2,0,25,5,1,0,1,1,0,0,1
9,10,3,0,25,10,1,0,1,0,1,0,1
9,10,4,0,25,5,1,0,1,0,1,0,1
9,10,5,0,25,10,1,0,1,0,0,1,1
9,10,6,0,25,5,1,0,1,0,0,1,1
10,11,1,0,17,10,1,0,0,1,0,0,0
10,11,2,0,17,5,1,0,0,1,0,0,0
10,11,3,0,17,10,1,0,0,0,1,0,0
10,11,4,0,17,5,1,0,0,0,1,0,1
10,11,5,0,17,10,1,0,0,0,0,1,0
10,11,6,0,17,5,1,0,0,0,0,1,1
11,12,1,0,5,10,1,0,0,1,0,0,0
11,12,2,0,5,5,1,0,0,1,0,0,0
11,12,3,0,5,10,1,0,0,0,1,0,1
11,12,4,0,5,5,1,0,0,0,1,0,1
11,12,5,0,5,10,1,0,0,0,0,1,1
11,12,6,0,5,5,1,0,0,0,0,1,1
12,13,1,0,45,10,1,0,0,1,0,0,0
12,13,2,0,45,5,1,0,0,1,0,0,0
12,13,3,0,45,10,1,0,0,0,1,0,0
12,13,4,0,45,5,1,0,0,0,1,0,1
12,13,5,0,45,10,1,0,0,0,0,1,0
12,13,6,0,45,5,1,0,0,0,0,1,1
13,14,1,1,20,10,1,0,0,1,0,0,0
13,14,2,1,20,5,1,0,0,1,0,0,0
13,14,3,1,20,10,1,0,0,0,1,0,0
13,14,4,1,20,5,1,0,0,0,1,0,0
13,14,5,1,20,10,1,0,0,0,0,1,0
13,14,6,1,20,5,1,0,0,0,0,1,0
14,15,1,1,15,10,1,0,0,1,0,0,0
14,15,2,1,15,5,1,0,0,1,0,0,1
14,15,3,1,15,10,1,0,0,0,1,0,1
14,15,4,1,15,5,1,0,0,0,1,0,1
14,15,5,1,15,10,1,0,0,0,0,1,1
14,15,6,1,15,5,1,0,0,0,0,1,1
15,16,1,0,15,10,1,0,0,1,0,0,0
15,16,2,0,15,5,1,0,0,1,0,0,1
15,16,3,0,15,10,1,0,0,0,1,0,0
15,16,4,0,15,5,1,0,0,0,1,0,1
15,16,5,0,15,10,1,0,0,0,0,1,0
15,16,6,0,15,5,1,0,0,0,0,1,1
16,17,1,0,25,10,1,0,0,1,0,0,0
16,17,2,0,25,5,1,0,0,1,0,0,0
16,17,3,0,25,10,1,0,0,0,1,0,0
16,17,4,0,25,5,1,0,0,0,1,0,0
16,17,5,0,25,10,1,0,0,0,0,1,0
16,17,6,0,25,5,1,0,0,0,0,1,0
17,18,1,1,15,10,1,0,0,1,0,0,0
17,18,2,1,15,5,1,0,0,1,0,0,0
17,18,3,1,15,10,1,0,0,0,1,0,1
17,18,4,1,15,5,1,0,0,0,1,0,1
17,18,5,1,15,10,1,0,0,0,0,1,1
17,18,6,1,15,5,1,0,0,0,0,1,1
18,19,1,0,17,10,1,0,0,1,0,0,0
18,19,2,0,17,5,1,0,0,1,0,0,0
18,19,3,0,17,10,1,0,0,0,1,0,0
18,19,4,0,17,5,1,0,0,0,1,0,1
18,19,5,0,17,10,1,0,0,0,0,1,0
18,19,6,0,17,5,1,0,0,0,0,1,1
19,20,1,1,20,10,1,0,0,1,0,0,0
19,20,2,1,20,5,1,0,0,1,0,0,0
19,20,3,1,20,10,1,0,0,0,1,0,0
19,20,4,1,20,5,1,0,0,0,1,0,1
19,20,5,1,20,10,1,0,0,0,0,1,0
19,20,6,1,20,5,1,0,0,0,0,1,1
20,21,1,1,17,10,1,0,0,1,0,0,1
20,21,2,1,17,5,1,0,0,1,0,0,1
20,21,3,1,17,10,1,0,0,0,1,0,1
20,21,4,1,17,5,1,0,0,0,1,0,1
20,21,5,1,17,10,1,0,0,0,0,1,1
20,21,6,1,17,5,1,0,0,0,0,1,1
21,22,1,0,2,10,1,0,0,1,0,0,0
21,22,2,0,2,5,1,0,0,1,0,0,0
21,22,3,0,2,10,1,0,0,0,1,0,0
21,22,4,0,2,5,1,0,0,0,1,0,0
21,22,5,0,2,10,1,0,0,0,0,1,0
21,22,6,0,2,5,1,0,0,0,0,1,0
22,23,1,1,20,10,1,0,0,1,0,0,0
22,23,2,1,20,5,1,0,0,1,0,0,0
22,23,3,1,20,10,1,0,0,0,1,0,0
22,23,4,1,20,5,1,0,0,0,1,0,1
22,23,5,1,20,10,1,0,0,0,0,1,0
22,23,6,1,20,5,1,0,0,0,0,1,1
23,24,1,1,40,10,1,0,0,1,0,0,0
23,24,2,1,40,5,1,0,0,1,0,0,0
23,24,3,1,40,10,1,0,0,0,1,0,0
23,24,4,1,40,5,1,0,0,0,1,0,0
23,24,5,1,40,10,1,0,0,0,0,1,0
23,24,6,1,40,5,1,0,0,0,0,1,0
24,25,1,1,30,10,1,0,0,1,0,0,0
24,25,2,1,30,5,1,0,0,1,0,0,0
24,25,3,1,30,10,1,0,0,0,1,0,0
24,25,4,1,30,5,1,0,0,0,1,0,0
24,25,5,1,30,10,1,0,0,0,0,1,0
24,25,6,1,30,5,1,0,0,0,0,1,1
25,26,1,0,6,10,1,0,0,1,0,0,0
25,26,2,0,6,5,1,0,0,1,0,0,0
25,26,3,0,6,10,1,0,0,0,1,0,0
25,26,4,0,6,5,1,0,0,0,1,0,0
25,26,5,0,6,10,1,0,0,0,0,1,0
25,26,6,0,6,5,1,0,0,0,0,1,0
26,27,1,1,20,10,1,0,0,1,0,0,0
26,27,2,1,20,5,1,0,0,1,0,0,0
26,27,3,1,20,10,1,0,0,0,1,0,1
26,27,4,1,20,5,1,0,0,0,1,0,1
26,27,5,1,20,10,1,0,0,0,0,1,1
26,27,6,1,20,5,1,0,0,0,0,1,1
27,28,1,1,40,10,1,0,0,1,0,0,0
27,28,2,1,40,5,1,0,0,1,0,0,0
27,28,3,1,40,10,1,0,0,0,1,0,0
27,28,4,1,40,5,1,0,0,0,1,0,0
27,28,5,1,40,10,1,0,0,0,0,1,0
27,28,6,1,40,5,1,0,0,0,0,1,0
28,29,1,1,35,10,1,0,0,1,0,0,0
28,29,2,1,35,5,1,0,0,1,0,0,0
28,29,3,1,35,10,1,0,0,0,1,0,0
28,29,4,1,35,5,1,0,0,0,1,0,1
28,29,5,1,35,10,1,0,0,0,0,1,0
28,29,6,1,35,5,1,0,0,0,0,1,1
29,30,1,0,20,10,0,0,1,1,0,0,1
29,30,2,0,20,5,0,0,1,1,0,0,1
29,30,3,0,20,10,0,0,1,0,1,0,1
29,30,4,0,20,5,0,0,1,0,1,0,1
29,30,5,0,20,10,0,0,1,0,0,1,1
29,30,6,0,20,5,0,0,1,0,0,1,1
30,31,1,1,60,10,1,0,0,1,0,0,0
30,31,2,1,60,5,1,0,0,1,0,0,0
30,31,3,1,60,10,1,0,0,0,1,0,1
30,31,4,1,60,5,1,0,0,0,1,0,1
30,31,5,1,60,10,1,0,0,0,0,1,1
30,31,6,1,60,5,1,0,0,0,0,1,1
31,32,1,0,10,10,1,0,0,1,0,0,0
31,32,2,0,10,5,1,0,0,1,0,0,0
31,32,3,0,10,10,1,0,0,0,1,0,0
31,32,4,0,10,5,1,0,0,0,1,0,0
31,32,5,0,10,10,1,0,0,0,0,1,0
31,32,6,0,10,5,1,0,0,0,0,1,0
32,33,1,0,50,10,1,0,0,1,0,0,0
32,33,2,0,50,5,1,0,0,1,0,0,1
32,33,3,0,50,10,1,0,0,0,1,0,0
32,33,4,0,50,5,1,0,0,0,1,0,1
32,33,5,0,50,10,1,0,0,0,0,1,0
32,33,6,0,50,5,1,0,0,0,0,1,1
33,34,1,1,20,10,1,0,0,1,0,0,0
33,34,2,1,20,5,1,0,0,1,0,0,1
33,34,3,1,20,10,1,0,0,0,1,0,1
33,34,4,1,20,5,1,0,0,0,1,0,1
33,34,5,1,20,10,1,0,0,0,0,1,1
33,34,6,1,20,5,1,0,0,0,0,1,1
34,35,1,0,22,10,1,0,0,1,0,0,0
34,35,2,0,22,5,1,0,0,1,0,0,0
34,35,3,0,22,10,1,0,0,0,1,0,0
34,35,4,0,22,5,1,0,0,0,1,0,0
34,35,5,0,22,10,1,0,0,0,0,1,0
34,35,6,0,22,5,1,0,0,0,0,1,0
35,36,1,0,30,10,1,1,0,1,0,0,1
35,36,2,0,30,5,1,1,0,1,0,0,1
35,36,3,0,30,10,1,1,0,0,1,0,1
35,36,4,0,30,5,1,1,0,0,1,0,1
35,36,5,0,30,10,1,1,0,0,0,1,1
35,36,6,0,30,5,1,1,0,0,0,1,1
36,37,1,1,15,10,1,0,0,1,0,0,0
36,37,2,1,15,5,1,0,0,1,0,0,0
36,37,3,1,15,10,1,0,0,0,1,0,0
36,37,4,1,15,5,1,0,0,0,1,0,0
36,37,5,1,15,10,1,0,0,0,0,1,0
36,37,6,1,15,5,1,0,0,0,0,1,0
37,38,1,0,10,10,1,0,0,1,0,0,0
37,38,2,0,10,5,1,0,0,1,0,0,1
37,38,3,0,10,10,1,0,0,0,1,0,1
37,38,4,0,10,5,1,0,0,0,1,0,1
37,38,5,0,10,10,1,0,0,0,0,1,1
37,38,6,0,10,5,1,0,0,0,0,1,1
38,39,1,1,28,10,0,0,0,1,0,0,0
38,39,2,1,28,5,0,0,0,1,0,0,0
38,39,3,1,28,10,0,0,0,0,1,0,0
38,39,4,1,28,5,0,0,0,0,1,0,1
38,39,5,1,28,10,0,0,0,0,0,1,0
38,39,6,1,28,5,0,0,0,0,0,1,1
39,40,1,0,25,10,1,1,0,1,0,0,0
39,40,2,0,25,5,1,1,0,1,0,0,0
39,40,3,0,25,10,1,1,0,0,1,0,0
39,40,4,0,25,5,1,1,0,0,1,0,1
39,40,5,0,25,10,1,1,0,0,0,1,0
39,40,6,0,25,5,1,1,0,0,0,1,1
40,41,1,1,25,10,1,1,0,1,0,0,0
40,41,2,1,25,5,1,1,0,1,0,0,0
40,41,3,1,25,10,1,1,0,0,1,0,0
40,41,4,1,25,5,1,1,0,0,1,0,0
40,41,5,1,25,10,1,1,0,0,0,1,0
40,41,6,1,25,5,1,1,0,0,0,1,0
41,42,1,0,10,10,1,0,0,1,0,0,1
41,42,2,0,10,5,1,0,0,1,0,0,1
41,42,3,0,10,10,1,0,0,0,1,0,1
41,42,4,0,10,5,1,0,0,0,1,0,1
41,42,5,0,10,10,1,0,0,0,0,1,1
41,42,6,0,10,5,1,0,0,0,0,1,1
42,43,1,0,15,10,1,0,0,1,0,0,0
42,43,2,0,15,5,1,0,0,1,0,0,1
42,43,3,0,15,10,1,0,0,0,1,0,0
42,43,4,0,15,5,1,0,0,0,1,0,1
42,43,5,0,15,10,1,0,0,0,0,1,0
42,43,6,0,15,5,1,0,0,0,0,1,1
43,44,1,0,25,10,1,1,0,1,0,0,0
43,44,2,0,25,5,1,1,0,1,0,0,0
43,44,3,0,25,10,1,1,0,0,1,0,0
43,44,4,0,25,5,1,1,0,0,1,0,0
43,44,5,0,25,10,1,1,0,0,0,1,0
43,44,6,0,25,5,1,1,0,0,0,1,0
44,45,1,0,7,10,1,0,0,1,0,0,0
44,45,2,0,7,5,1,0,0,1,0,0,0
44,45,3,0,7,10,1,0,0,0,1,0,0
44,45,4,0,7,5,1,0,0,0,1,0,1
44,45,5,0,7,10,1,0,0,0,0,1,0
44,45,6,0,7,5,1,0,0,0,0,1,1
45,46,1,0,20,10,1,0,0,1,0,0,0
45,46,2,0,20,5,1,0,0,1,0,0,0
45,46,3,0,20,10,1,0,0,0,1,0,0
45,46,4,0,20,5,1,0,0,0,1,0,0
45,46,5,0,20,10,1,0,0,0,0,1,0
45,46,6,0,20,5,1,0,0,0,0,1,0
46,47,1,0,2,10,0,0,0,1,0,0,0
46,47,2,0,2,5,0,0,0,1,0,0,0
46,47,3,0,2,10,0,0,0,0,1,0,0
46,47,4,0,2,5,0,0,0,0,1,0,0
46,47,5,0,2,10,0,0,0,0,0,1,0
46,47,6,0,2,5,0,0,0,0,0,1,0
47,48,1,1,90,10,1,0,0,1,0,0,0
47,48,2,1,90,5,1,0,0,1,0,0,1
47,48,3,1,90,10,1,0,0,0,1,0,0
47,48,4,1,90,5,1,0,0,0,1,0,1
47,48,5,1,90,10,1,0,0,0,0,1,0
47,48,6,1,90,5,1,0,0,0,0,1,1
48,49,1,0,30,10,1,0,0,1,0,0,0
48,49,2,0,30,5,1,0,0,1,0,0,0
48,49,3,0,30,10,1,0,0,0,1,0,1
48,49,4,0,30,5,1,0,0,0,1,0,1
48,49,5,0,30,10,1,0,0,0,0,1,1
48,49,6,0,30,5,1,0,0,0,0,1,1
49,50,1,0,25,10,1,0,0,1,0,0,0
49,50,2,0,25,5,1,0,0,1,0,0,0
49,50,3,0,25,10,1,0,0,0,1,0,0
49,50,4,0,25,5,1,0,0,0,1,0,0
49,50,5,0,25,10,1,0,0,0,0,1,0
49,50,6,0,25,5,1,0,0,0,0,1,0
50,51,1,0,10,10,1,0,0,1,0,0,0
50,51,2,0,10,5,1,0,0,1,0,0,0
50,51,3,0,10,10,1,0,0,0,1,0,0
50,51,4,0,10,5,1,0,0,0,1,0,1
50,51,5,0,10,10,1,0,0,0,0,1,0
50,51,6,0,10,5,1,0,0,0,0,1,1
51,52,1,1,13,10,1,0,0,1,0,0,0
51,52,2,1,13,5,1,0,0,1,0,0,0
51,52,3,1,13,10,1,0,0,0,1,0,0
51,52,4,1,13,5,1,0,0,0,1,0,1
51,52,5,1,13,10,1,0,0,0,0,1,0
51,52,6,1,13,5,1,0,0,0,0,1,1
52,53,1,0,10,10,1,0,0,1,0,0,0
52,53,2,0,10,5,1,0,0,1,0,0,0
52,53,3,0,10,10,1,0,0,0,1,0,0
52,53,4,0,10,5,1,0,0,0,1,0,0
52,53,5,0,10,10,1,0,0,0,0,1,0
52,53,6,0,10,5,1,0,0,0,0,1,0
53,54,1,1,15,10,0,0,0,1,0,0,0
53,54,2,1,15,5,0,0,0,1,0,0,0
53,54,3,1,15,10,0,0,0,0,1,0,0
53,54,4,1,15,5,0,0,0,0,1,0,1
53,54,5,1,15,10,0,0,0,0,0,1,0
53,54,6,1,15,5,0,0,0,0,0,1,1
54,55,1,0,7,10,1,0,0,1,0,0,0
54,55,2,0,7,5,1,0,0,1,0,0,1
54,55,3,0,7,10,1,0,0,0,1,0,1
54,55,4,0,7,5,1,0,0,0,1,0,1
54,55,5,0,7,10,1,0,0,0,0,1,1
54,55,6,0,7,5,1,0,0,0,0,1,1
55,56,1,1,45,10,1,0,0,1,0,0,0
55,56,2,1,45,5,1,0,0,1,0,0,0
55,56,3,1,45,10,1,0,0,0,1,0,0
55,56,4,1,45,5,1,0,0,0,1,0,1
55,56,5,1,45,10,1,0,0,0,0,1,0
55,56,6,1,45,5,1,0,0,0,0,1,1
56,57,1,0,20,10,1,0,0,1,0,0,0
56,57,2,0,20,5,1,0,0,1,0,0,1
56,57,3,0,20,10,1,0,0,0,1,0,1
56,57,4,0,20,5,1,0,0,0,1,0,1
56,57,5,0,20,10,1,0,0,0,0,1,1
56,57,6,0,20,5,1,0,0,0,0,1,1
57,58,1,0,17,10,1,0,0,1,0,0,0
57,58,2,0,17,5,1,0,0,1,0,0,0
57,58,3,0,17,10,1,0,0,0,1,0,1
57,58,4,0,17,5,1,0,0,0,1,0,1
57,58,5,0,17,10,1,0,0,0,0,1,1
57,58,6,0,17,5,1,0,0,0,0,1,1
58,59,1,0,20,10,0,0,0,1,0,0,0
58,59,2,0,20,5,0,0,0,1,0,0,0
58,59,3,0,20,10,0,0,0,0,1,0,0
58,59,4,0,20,5,0,0,0,0,1,0,1
58,59,5,0,20,10,0,0,0,0,0,1,0
58,59,6,0,20,5,0,0,0,0,0,1,1
59,60,1,0,40,10,1,0,0,1,0,0,1
59,60,2,0,40,5,1,0,0,1,0,0,1
59,60,3,0,40,10,1,0,0,0,1,0,1
59,60,4,0,40,5,1,0,0,0,1,0,1
59,60,5,0,40,10,1,0,0,0,0,1,1
59,60,6,0,40,5,1,0,0,0,0,1,1
60,61,1,0,18,10,1,0,0,1,0,0,0
60,61,2,0,18,5,1,0,0,1,0,0,0
60,61,3,0,18,10,1,0,0,0,1,0,0
60,61,4,0,18,5,1,0,0,0,1,0,1
60,61,5,0,18,10,1,0,0,0,0,1,0
60,61,6,0,18,5,1,0,0,0,0,1,1
61,62,1,0,22,10,1,0,0,1,0,0,0
61,62,2,0,22,5,1,0,0,1,0,0,1
61,62,3,0,22,10,1,0,0,0,1,0,1
61,62,4,0,22,5,1,0,0,0,1,0,1
61,62,5,0,22,10,1,0,0,0,0,1,1
61,62,6,0,22,5,1,0,0,0,0,1,1
62,63,1,0,4,10,0,0,0,1,0,0,0
62,63,2,0,4,5,0,0,0,1,0,0,0
62,63,3,0,4,10,0,0,0,0,1,0,0
62,63,4,0,4,5,0,0,0,0,1,0,0
62,63,5,0,4,10,0,0,0,0,0,1,0
62,63,6,0,4,5,0,0,0,0,0,1,0
63,64,1,1,23,10,1,0,0,1,0,0,0
63,64,2,1,23,5,1,0,0,1,0,0,0
63,64,3,1,23,10,1,0,0,0,1,0,0
63,64,4,1,23,5,1,0,0,0,1,0,1
63,64,5,1,23,10,1,0,0,0,0,1,0
63,64,6,1,23,5,1,0,0,0,0,1,1
64,65,1,0,85,10,1,0,0,1,0,0,0
64,65,2,0,85,5,1,0,0,1,0,0,0
64,65,3,0,85,10,1,0,0,0,1,0,0
64,65,4,0,85,5,1,0,0,0,1,0,0
64,65,5,0,85,10,1,0,0,0,0,1,0
64,65,6,0,85,5,1,0,0,0,0,1,1
65,66,1,0,30,10,0,0,1,1,0,0,1
65,66,2,0,30,5,0,0,1,1,0,0,1
65,66,3,0,30,10,0,0,1,0,1,0,1
65,66,4,0,30,5,0,0,1,0,1,0,1
65,66,5,0,30,10,0,0,1,0,0,1,1
65,66,6,0,30,5,0,0,1,0,0,1,1
66,67,1,1,30,10,0,0,0,1,0,0,0
66,67,2,1,30,5,0,0,0,1,0,0,0
66,67,3,1,30,10,0,0,0,0,1,0,0
66,67,4,1,30,5,0,0,0,0,1,0,0
66,67,5,1,30,10,0,0,0,0,0,1,0
66,67,6,1,30,5,0,0,0,0,0,1,0
67,68,1,0,20,10,1,0,0,1,0,0,0
67,68,2,0,20,5,1,0,0,1,0,0,0
67,68,3,0,20,10,1,0,0,0,1,0,1
67,68,4,0,20,5,1,0,0,0,1,0,1
67,68,5,0,20,10,1,0,0,0,0,1,1
67,68,6,0,20,5,1,0,0,0,0,1,1
68,69,1,1,10,10,0,0,0,1,0,0,0
68,69,2,1,10,5,0,0,0,1,0,0,0
68,69,3,1,10,10,0,0,0,0,1,0,1
68,69,4,1,10,5,0,0,0,0,1,0,1
68,69,5,1,10,10,0,0,0,0,0,1,1
68,69,6,1,10,5,0,0,0,0,0,1,1
69,70,1,0,20,10,1,0,0,1,0,0,0
69,70,2,0,20,5,1,0,0,1,0,0,0
69,70,3,0,20,10,1,0,0,0,1,0,1
69,70,4,0,20,5,1,0,0,0,1,0,1
69,70,5,0,20,10,1,0,0,0,0,1,1
69,70,6,0,20,5,1,0,0,0,0,1,1
70,71,1,0,10,10,1,1,0,1,0,0,0
70,71,2,0,10,5,1,1,0,1,0,0,0
70,71,3,0,10,10,1,1,0,0,1,0,1
70,71,4,0,10,5,1,1,0,0,1,0,1
70,71,5,0,10,10,1,1,0,0,0,1,1
70,71,6,0,10,5,1,1,0,0,0,1,1
71,72,1,0,25,10,1,0,1,1,0,0,1
71,72,2,0,25,5,1,0,1,1,0,0,1
71,72,3,0,25,10,1,0,1,0,1,0,1
71,72,4,0,25,5,1,0,1,0,1,0,1
71,72,5,0,25,10,1,0,1,0,0,1,1
71,72,6,0,25,5,1,0,1,0,0,1,1
72,73,1,1,10,10,0,0,0,1,0,0,0
72,73,2,1,10,5,0,0,0,1,0,0,0
72,73,3,1,10,10,0,0,0,0,1,0,0
72,73,4,1,10,5,0,0,0,0,1,0,0
72,73,5,1,10,10,0,0,0,0,0,1,0
72,73,6,1,10,5,0,0,0,0,0,1,0
73,74,1,0,15,10,0,0,0,1,0,0,0
73,74,2,0,15,5,0,0,0,1,0,0,0
73,74,3,0,15,10,0,0,0,0,1,0,1
73,74,4,0,15,5,0,0,0,0,1,0,1
73,74,5,0,15,10,0,0,0,0,0,1,1
73,74,6,0,15,5,0,0,0,0,0,1,1
74,75,1,0,15,10,0,0,1,1,0,0,0
74,75,2,0,15,5,0,0,1,1,0,0,1
74,75,3,0,15,10,0,0,1,0,1,0,1
74,75,4,0,15,5,0,0,1,0,1,0,1
74,75,5,0,15,10,0,0,1,0,0,1,1
74,75,6,0,15,5,0,0,1,0,0,1,1
75,76,1,0,30,10,1,0,0,1,0,0,0
75,76,2,0,30,5,1,0,0,1,0,0,0
75,76,3,0,30,10,1,0,0,0,1,0,1
75,76,4,0,30,5,1,0,0,0,1,0,1
75,76,5,0,30,10,1,0,0,0,0,1,1
75,76,6,0,30,5,1,0,0,0,0,1,1
76,77,1,1,10,10,1,0,0,1,0,0,0
76,77,2,1,10,5,1,0,0,1,0,0,0
76,77,3,1,10,10,1,0,0,0,1,0,1
76,77,4,1,10,5,1,0,0,0,1,0,1
76,77,5,1,10,10,1,0,0,0,0,1,1
76,77,6,1,10,5,1,0,0,0,0,1,1
77,78,1,0,40,10,1,0,0,1,0,0,0
77,78,2,0,40,5,1,0,0,1,0,0,0
77,78,3,0,40,10,1,0,0,0,1,0,0
77,78,4,0,40,5,1,0,0,0,1,0,0
77,78,5,0,40,10,1,0,0,0,0,1,0
77,78,6,0,40,5,1,0,0,0,0,1,0
78,79,1,0,40,10,0,1,0,1,0,0,1
78,79,2,0,40,5,0,1,0,1,0,0,1
78,79,3,0,40,10,0,1,0,0,1,0,1
78,79,4,0,40,5,0,1,0,0,1,0,1
78,79,5,0,40,10,0,1,0,0,0,1,1
78,79,6,0,40,5,0,1,0,0,0,1,1
79,80,1,1,10,10,1,0,0,1,0,0,0
79,80,2,1,10,5,1,0,0,1,0,0,0
79,80,3,1,10,10,1,0,0,0,1,0,0
79,80,4,1,10,5,1,0,0,0,1,0,1
79,80,5,1,10,10,1,0,0,0,0,1,0
79,80,6,1,10,5,1,0,0,0,0,1,1
80,81,1,0,30,10,0,1,0,1,0,0,0
80,81,2,0,30,5,0,1,0,1,0,0,0
80,81,3,0,30,10,0,1,0,0,1,0,1
80,81,4,0,30,5,0,1,0,0,1,0,1
80,81,5,0,30,10,0,1,0,0,0,1,1
80,81,6,0,30,5,0,1,0,0,0,1,1
81,82,1,1,25,10,1,0,0,1,0,0,0
81,82,2,1,25,5,1,0,0,1,0,0,1
81,82,3,1,25,10,1,0,0,0,1,0,1
81,82,4,1,25,5,1,0,0,0,1,0,1
81,82,5,1,25,10,1,0,0,0,0,1,1
81,82,6,1,25,5,1,0,0,0,0,1,1
82,83,1,1,7,10,1,0,0,1,0,0,0
82,83,2,1,7,5,1,0,0,1,0,0,0
82,83,3,1,7,10,1,0,0,0,1,0,0
82,83,4,1,7,5,1,0,0,0,1,0,0
82,83,5,1,7,10,1,0,0,0,0,1,0
82,83,6,1,7,5,1,0,0,0,0,1,0
83,84,1,0,25,10,1,1,0,1,0,0,0
83,84,2,0,25,5,1,1,0,1,0,0,0
83,84,3,0,25,10,1,1,0,0,1,0,1
83,84,4,0,25,5,1,1,0,0,1,0,1
83,84,5,0,25,10,1,1,0,0,0,1,1
83,84,6,0,25,5,1,1,0,0,0,1,1
84,85,1,0,30,10,0,0,0,1,0,0,0
84,85,2,0,30,5,0,0,0,1,0,0,0
84,85,3,0,30,10,0,0,0,0,1,0,1
84,85,4,0,30,5,0,0,0,0,1,0,1
84,85,5,0,30,10,0,0,0,0,0,1,1
84,85,6,0,30,5,0,0,0,0,0,1,1
85,86,1,1,27,10,1,0,0,1,0,0,0
85,86,2,1,27,5,1,0,0,1,0,0,0
85,86,3,1,27,10,1,0,0,0,1,0,1
85,86,4,1,27,5,1,0,0,0,1,0,1
85,86,5,1,27,10,1,0,0,0,0,1,1
85,86,6,1,27,5,1,0,0,0,0,1,1
86,87,1,0,5,10,1,0,0,1,0,0,0
86,87,2,0,5,5,1,0,0,1,0,0,0
86,87,3,0,5,10,1,0,0,0,1,0,0
86,87,4,0,5,5,1,0,0,0,1,0,0
86,87,5,0,5,10,1,0,0,0,0,1,0
86,87,6,0,5,5,1,0,0,0,0,1,0
87,88,1,0,20,10,0,0,1,1,0,0,1
87,88,2,0,20,5,0,0,1,1,0,0,1
87,88,3,0,20,10,0,0,1,0,1,0,1
87,88,4,0,20,5,0,0,1,0,1,0,1
87,88,5,0,20,10,0,0,1,0,0,1,1
87,88,6,0,20,5,0,0,1,0,0,1,1
88,89,1,0,10,10,1,0,0,1,0,0,0
88,89,2,0,10,5,1,0,0,1,0,0,0
88,89,3,0,10,10,1,0,0,0,1,0,0
88,89,4,0,10,5,1,0,0,0,1,0,1
88,89,5,0,10,10,1,0,0,0,0,1,0
88,89,6,0,10,5,1,0,0,0,0,1,1
89,90,1,0,30,10,1,0,0,1,0,0,0
89,90,2,0,30,5,1,0,0,1,0,0,1
89,90,3,0,30,10,1,0,0,0,1,0,1
89,90,4,0,30,5,1,0,0,0,1,0,1
89,90,5,0,30,10,1,0,0,0,0,1,1
89,90,6,0,30,5,1,0,0,0,0,1,1
90,91,1,0,10,10,1,0,0,1,0,0,0
90,91,2,0,10,5,1,0,0,1,0,0,1
90,91,3,0,10,10,1,0,0,0,1,0,1
90,91,4,0,10,5,1,0,0,0,1,0,1
90,91,5,0,10,10,1,0,0,0,0,1,1
90,91,6,0,10,5,1,0,0,0,0,1,1
91,92,1,0,25,10,1,0,0,1,0,0,0
91,92,2,0,25,5,1,0,0,1,0,0,1
91,92,3,0,25,10,1,0,0,0,1,0,0
91,92,4,0,25,5,1,0,0,0,1,0,1
91,92,5,0,25,10,1,0,0,0,0,1,0
91,92,6,0,25,5,1,0,0,0,0,1,1
92,93,1,0,30,10,0,0,1,1,0,0,1
92,93,2,0,30,5,0,0,1,1,0,0,1
92,93,3,0,30,10,0,0,1,0,1,0,1
92,93,4,0,30,5,0,0,1,0,1,0,1
92,93,5,0,30,10,0,0,1,0,0,1,1
92,93,6,0,30,5,0,0,1,0,0,1,1
93,94,1,0,20,10,1,0,1,1,0,0,0
93,94,2,0,20,5,1,0,1,1,0,0,0
93,94,3,0,20,10,1,0,1,0,1,0,0
93,94,4,0,20,5,1,0,1,0,1,0,1
93,94,5,0,20,10,1,0,1,0,0,1,1
93,94,6,0,20,5,1,0,1,0,0,1,1
94,95,1,0,20,10,1,0,0,1,0,0,0
94,95,2,0,20,5,1,0,0,1,0,0,0
94,95,3,0,20,10,1,0,0,0,1,0,1
94,95,4,0,20,5,1,0,0,0,1,0,1
94,95,5,0,20,10,1,0,0,0,0,1,1
94,95,6,0,20,5,1,0,0,0,0,1,1
95,96,1,1,15,10,1,0,0,1,0,0,0
95,96,2,1,15,5,1,0,0,1,0,0,0
95,96,3,1,15,10,1,0,0,0,1,0,0
95,96,4,1,15,5,1,0,0,0,1,0,0
95,96,5,1,15,10,1,0,0,0,0,1,0
95,96,6,1,15,5,1,0,0,0,0,1,0
96,97,1,1,60,10,1,0,0,1,0,0,0
96,97,2,1,60,5,1,0,0,1,0,0,1
96,97,3,1,60,10,1,0,0,0,1,0,1
96,97,4,1,60,5,1,0,0,0,1,0,1
96,97,5,1,60,10,1,0,0,0,0,1,1
96,97,6,1,60,5,1,0,0,0,0,1,1
97,98,1,1,25,10,1,0,0,1,0,0,0
97,98,2,1,25,5,1,0,0,1,0,0,0
97,98,3,1,25,10,1,0,0,0,1,0,0
97,98,4,1,25,5,1,0,0,0,1,0,1
97,98,5,1,25,10,1,0,0,0,0,1,0
97,98,6,1,25,5,1,0,0,0,0,1,1
98,99,1,0,20,10,1,0,0,1,0,0,0
98,99,2,0,20,5,1,0,0,1,0,0,0
98,99,3,0,20,10,1,0,0,0,1,0,1
98,99,4,0,20,5,1,0,0,0,1,0,1
98,99,5,0,20,10,1,0,0,0,0,1,1
98,99,6,0,20,5,1,0,0,0,0,1,1
99,100,1,0,20,10,0,0,0,1,0,0,0
99,100,2,0,20,5,0,0,0,1,0,0,0
99,100,3,0,20,10,0,0,0,0,1,0,1
99,100,4,0,20,5,0,0,0,0,1,0,1
99,100,5,0,20,10,0,0,0,0,0,1,1
99,100,6,0,20,5,0,0,0,0,0,1,1
100,101,1,0,20,10,1,0,0,1,0,0,0
100,101,2,0,20,5,1,0,0,1,0,0,0
100,101,3,0,20,10,1,0,0,0,1,0,0
100,101,4,0,20,5,1,0,0,0,1,0,1
100,101,5,0,20,10,1,0,0,0,0,1,0
100,101,6,0,20,5,1,0,0,0,0,1,1
101,102,1,1,20,10,1,0,0,1,0,0,0
101,102,2,1,20,5,1,0,0,1,0,0,0
101,102,3,1,20,10,1,0,0,0,1,0,1
101,102,4,1,20,5,1,0,0,0,1,0,1
101,102,5,1,20,10,1,0,0,0,0,1,1
101,102,6,1,20,5,1,0,0,0,0,1,1
102,103,1,0,8,10,0,0,1,1,0,0,0
102,103,2,0,8,5,0,0,1,1,0,0,0
102,103,3,0,8,10,0,0,1,0,1,0,1
102,103,4,0,8,5,0,0,1,0,1,0,1
102,103,5,0,8,10,0,0,1,0,0,1,1
102,103,6,0,8,5,0,0,1,0,0,1,1
103,104,1,1,30,10,1,0,0,1,0,0,0
103,104,2,1,30,5,1,0,0,1,0,0,0
103,104,3,1,30,10,1,0,0,0,1,0,0
103,104,4,1,30,5,1,0,0,0,1,0,0
103,104,5,1,30,10,1,0,0,0,0,1,0
103,104,6,1,30,5,1,0,0,0,0,1,0
104,105,1,0,25,10,1,0,0,1,0,0,0
104,105,2,0,25,5,1,0,0,1,0,0,0
104,105,3,0,25,10,1,0,0,0,1,0,0
104,105,4,0,25,5,1,0,0,0,1,0,1
104,105,5,0,25,10,1,0,0,0,0,1,0
104,105,6,0,25,5,1,0,0,0,0,1,1
105,106,1,1,25,10,1,0,0,1,0,0,0
105,106,2,1,25,5,1,0,0,1,0,0,0
105,106,3,1,25,10,1,0,0,0,1,0,0
105,106,4,1,25,5,1,0,0,0,1,0,0
105,106,5,1,25,10,1,0,0,0,0,1,0
105,106,6,1,25,5,1,0,0,0,0,1,0
106,107,1,0,25,10,0,0,1,1,0,0,1
106,107,2,0,25,5,0,0,1,1,0,0,1
106,107,3,0,25,10,0,0,1,0,1,0,1
106,107,4,0,25,5,0,0,1,0,1,0,1
106,107,5,0,25,10,0,0,1,0,0,1,1
106,107,6,0,25,5,0,0,1,0,0,1,1
107,108,1,1,7,10,1,0,0,1,0,0,0
107,108,2,1,7,5,1,0,0,1,0,0,0
107,108,3,1,7,10,1,0,0,0,1,0,0
107,108,4,1,7,5,1,0,0,0,1,0,0
107,108,5,1,7,10,1,0,0,0,0,1,0
107,108,6,1,7,5,1,0,0,0,0,1,0
108,109,1,0,30,10,1,0,0,1,0,0,0
108,109,2,0,30,5,1,0,0,1,0,0,0
108,109,3,0,30,10,1,0,0,0,1,0,1
108,109,4,0,30,5,1,0,0,0,1,0,1
108,109,5,0,30,10,1,0,0,0,0,1,1
108,109,6,0,30,5,1,0,0,0,0,1,1
109,110,1,0,15,10,1,1,0,1,0,0,0
109,110,2,0,15,5,1,1,0,1,0,0,1
109,110,3,0,15,10,1,1,0,0,1,0,0
109,110,4,0,15,5,1,1,0,0,1,0,1
109,110,5,0,15,10,1,1,0,0,0,1,0
109,110,6,0,15,5,1,1,0,0,0,1,1
110,111,1,0,23,10,1,0,0,1,0,0,0
110,111,2,0,23,5,1,0,0,1,0,0,0
110,111,3,0,23,10,1,0,0,0,1,0,1
110,111,4,0,23,5,1,0,0,0,1,0,1
110,111,5,0,23,10,1,0,0,0,0,1,1
110,111,6,0,23,5,1,0,0,0,0,1,1
111,112,1,0,30,10,0,0,1,1,0,0,0
111,112,2,0,30,5,0,0,1,1,0,0,1
111,112,3,0,30,10,0,0,1,0,1,0,1
111,112,4,0,30,5,0,0,1,0,1,0,1
111,112,5,0,30,10,0,0,1,0,0,1,1
111,112,6,0,30,5,0,0,1,0,0,1,1
112,113,1,1,5,10,1,0,0,1,0,0,0
112,113,2,1,5,5,1,0,0,1,0,0,0
112,113,3,1,5,10,1,0,0,0,1,0,0
112,113,4,1,5,5,1,0,0,0,1,0,0
112,113,5,1,5,10,1,0,0,0,0,1,0
112,113,6,1,5,5,1,0,0,0,0,1,0
113,114,1,0,25,10,1,0,0,1,0,0,0
113,114,2,0,25,5,1,0,0,1,0,0,1
113,114,3,0,25,10,1,0,0,0,1,0,1
113,114,4,0,25,5,1,0,0,0,1,0,1
113,114,5,0,25,10,1,0,0,0,0,1,1
113,114,6,0,25,5,1,0,0,0,0,1,1
114,115,1,0,30,10,1,0,0,1,0,0,1
114,115,2,0,30,5,1,0,0,1,0,0,1
114,115,3,0,30,10,1,0,0,0,1,0,1
114,115,4,0,30,5,1,0,0,0,1,0,1
114,115,5,0,30,10,1,0,0,0,0,1,1
114,115,6,0,30,5,1,0,0,0,0,1,1
115,116,1,1,15,10,1,0,0,1,0,0,0
115,116,2,1,15,5,1,0,0,1,0,0,0
115,116,3,1,15,10,1,0,0,0,1,0,0
115,116,4,1,15,5,1,0,0,0,1,0,1
115,116,5,1,15,10,1,0,0,0,0,1,0
115,116,6,1,15,5,1,0,0,0,0,1,1
116,117,1,0,10,10,1,0,0,1,0,0,0
116,117,2,0,10,5,1,0,0,1,0,0,0
116,117,3,0,10,10,1,0,0,0,1,0,0
116,117,4,0,10,5,1,0,0,0,1,0,0
116,117,5,0,10,10,1,0,0,0,0,1,0
116,117,6,0,10,5,1,0,0,0,0,1,0
117,118,1,0,25,10,0,1,0,1,0,0,1
117,118,2,0,25,5,0,1,0,1,0,0,1
117,118,3,0,25,10,0,1,0,0,1,0,1
117,118,4,0,25,5,0,1,0,0,1,0,1
117,118,5,0,25,10,0,1,0,0,0,1,1
117,118,6,0,25,5,0,1,0,0,0,1,1
118,119,1,0,8,10,1,0,0,1,0,0,0
118,119,2,0,8,5,1,0,0,1,0,0,0
118,119,3,0,8,10,1,0,0,0,1,0,0
118,119,4,0,8,5,1,0,0,0,1,0,1
118,119,5,0,8,10,1,0,0,0,0,1,0
118,119,6,0,8,5,1,0,0,0,0,1,1
119,120,1,0,17,10,0,0,0,1,0,0,0
119,120,2,0,17,5,0,0,0,1,0,0,0
119,120,3,0,17,10,0,0,0,0,1,0,0
119,120,4,0,17,5,0,0,0,0,1,0,0
119,120,5,0,17,10,0,0,0,0,0,1,0
119,120,6,0,17,5,0,0,0,0,0,1,1
120,121,1,0,12,10,1,0,0,1,0,0,0
120,121,2,0,12,5,1,0,0,1,0,0,0
120,121,3,0,12,10,1,0,0,0,1,0,1
120,121,4,0,12,5,1,0,0,0,1,0,1
120,121,5,0,12,10,1,0,0,0,0,1,1
120,121,6,0,12,5,1,0,0,0,0,1,1
121,122,1,1,8,10,1,0,0,1,0,0,0
121,122,2,1,8,5,1,0,0,1,0,0,0
121,122,3,1,8,10,1,0,0,0,1,0,0
121,122,4,1,8,5,1,0,0,0,1,0,0
121,122,5,1,8,10,1,0,0,0,0,1,0
121,122,6,1,8,5,1,0,0,0,0,1,0
122,123,1,0,10,10,1,0,0,1,0,0,0
122,123,2,0,10,5,1,0,0,1,0,0,1
122,123,3,0,10,10,1,0,0,0,1,0,0
122,123,4,0,10,5,1,0,0,0,1,0,1
122,123,5,0,10,10,1,0,0,0,0,1,0
122,123,6,0,10,5,1,0,0,0,0,1,1
123,124,1,0,45,10,1,0,0,1,0,0,1
123,124,2,0,45,5,1,0,0,1,0,0,1
123,124,3,0,45,10,1,0,0,0,1,0,1
123,124,4,0,45,5,1,0,0,0,1,0,1
123,124,5,0,45,10,1,0,0,0,0,1,1
123,124,6,0,45,5,1,0,0,0,0,1,1
124,125,1,0,15,10,1,0,0,1,0,0,0
124,125,2,0,15,5,1,0,0,1,0,0,0
124,125,3,0,15,10,1,0,0,0,1,0,1
124,125,4,0,15,5,1,0,0,0,1,0,1
124,125,5,0,15,10,1,0,0,0,0,1,1
124,125,6,0,15,5,1,0,0,0,0,1,1
125,126,1,0,20,10,1,0,0,1,0,0,0
125,126,2,0,20,5,1,0,0,1,0,0,0
125,126,3,0,20,10,1,0,0,0,1,0,0
125,126,4,0,20,5,1,0,0,0,1,0,1
125,126,5,0,20,10,1,0,0,0,0,1,0
125,126,6,0,20,5,1,0,0,0,0,1,1
126,127,1,1,40,10,0,0,0,1,0,0,1
126,127,2,1,40,5,0,0,0,1,0,0,1
126,127,3,1,40,10,0,0,0,0,1,0,1
126,127,4,1,40,5,0,0,0,0,1,0,1
126,127,5,1,40,10,0,0,0,0,0,1,1
126,127,6,1,40,5,0,0,0,0,0,1,1
127,128,1,0,10,10,1,0,0,1,0,0,0
127,128,2,0,10,5,1,0,0,1,0,0,0
127,128,3,0,10,10,1,0,0,0,1,0,0
127,128,4,0,10,5,1,0,0,0,1,0,0
127,128,5,0,10,10,1,0,0,0,0,1,0
127,128,6,0,10,5,1,0,0,0,0,1,0
128,129,1,1,15,10,1,0,0,1,0,0,0
128,129,2,1,15,5,1,0,0,1,0,0,0
128,129,3,1,15,10,1,0,0,0,1,0,0
128,129,4,1,15,5,1,0,0,0,1,0,1
128,129,5,1,15,10,1,0,0,0,0,1,0
128,129,6,1,15,5,1,0,0,0,0,1,1
129,130,1,0,20,10,0,0,1,1,0,0,1
129,130,2,0,20,5,0,0,1,1,0,0,1
129,130,3,0,20,10,0,0,1,0,1,0,1
129,130,4,0,20,5,0,0,1,0,1,0,1
129,130,5,0,20,10,0,0,1,0,0,1,1
129,130,6,0,20,5,0,0,1,0,0,1,1
130,131,1,0,25,10,1,0,0,1,0,0,0
130,131,2,0,25,5,1,0,0,1,0,0,0
130,131,3,0,25,10,1,0,0,0,1,0,1
130,131,4,0,25,5,1,0,0,0,1,0,1
130,131,5,0,25,10,1,0,0,0,0,1,1
130,131,6,0,25,5,1,0,0,0,0,1,1
131,132,1,1,20,10,0,0,0,1,0,0,0
131,132,2,1,20,5,0,0,0,1,0,0,1
131,132,3,1,20,10,0,0,0,0,1,0,1
131,132,4,1,20,5,0,0,0,0,1,0,1
131,132,5,1,20,10,0,0,0,0,0,1,1
131,132,6,1,20,5,0,0,0,0,0,1,1
132,133,1,0,20,10,0,0,0,1,0,0,0
132,133,2,0,20,5,0,0,0,1,0,0,0
132,133,3,0,20,10,0,0,0,0,1,0,0
132,133,4,0,20,5,0,0,0,0,1,0,1
132,133,5,0,20,10,0,0,0,0,0,1,0
132,133,6,0,20,5,0,0,0,0,0,1,1
133,134,1,0,17,10,0,0,0,1,0,0,0
133,134,2,0,17,5,0,0,0,1,0,0,1
133,134,3,0,17,10,0,0,0,0,1,0,1
133,134,4,0,17,5,0,0,0,0,1,0,1
133,134,5,0,17,10,0,0,0,0,0,1,1
133,134,6,0,17,5,0,0,0,0,0,1,1
134,135,1,1,10,10,1,0,0,1,0,0,0
134,135,2,1,10,5,1,0,0,1,0,0,0
134,135,3,1,10,10,1,0,0,0,1,0,0
134,135,4,1,10,5,1,0,0,0,1,0,0
134,135,5,1,10,10,1,0,0,0,0,1,0
134,135,6,1,10,5,1,0,0,0,0,1,0
135,136,1,0,25,10,0,0,1,1,0,0,1
135,136,2,0,25,5,0,0,1,1,0,0,1
135,136,3,0,25,10,0,0,1,0,1,0,1
135,136,4,0,25,5,0,0,1,0,1,0,1
135,136,5,0,25,10,0,0,1,0,0,1,1
135,136,6,0,25,5,0,0,1,0,0,1,1
136,137,1,1,20,10,1,0,0,1,0,0,0
136,137,2,1,20,5,1,0,0,1,0,0,0
136,137,3,1,20,10,1,0,0,0,1,0,1
136,137,4,1,20,5,1,0,0,0,1,0,1
136,137,5,1,20,10,1,0,0,0,0,1,1
136,137,6,1,20,5,1,0,0,0,0,1,1
137,138,1,0,20,10,1,0,0,1,0,0,0
137,138,2,0,20,5,1,0,0,1,0,0,0
137,138,3,0,20,10,1,0,0,0,1,0,1
137,138,4,0,20,5,1,0,0,0,1,0,1
137,138,5,0,20,10,1,0,0,0,0,1,1
137,138,6,0,20,5,1,0,0,0,0,1,1
138,139,1,1,10,10,1,0,0,1,0,0,0
138,139,2,1,10,5,1,0,0,1,0,0,0
138,139,3,1,10,10,1,0,0,0,1,0,0
138,139,4,1,10,5,1,0,0,0,1,0,0
138,139,5,1,10,10,1,0,0,0,0,1,0
138,139,6,1,10,5,1,0,0,0,0,1,0
139,140,1,0,20,10,1,0,0,1,0,0,0
139,140,2,0,20,5,1,0,0,1,0,0,1
139,140,3,0,20,10,1,0,0,0,1,0,0
139,140,4,0,20,5,1,0,0,0,1,0,1
139,140,5,0,20,10,1,0,0,0,0,1,0
139,140,6,0,20,5,1,0,0,0,0,1,1
140,141,1,1,25,10,1,0,0,1,0,0,0
140,141,2,1,25,5,1,0,0,1,0,0,0
140,141,3,1,25,10,1,0,0,0,1,0,0
140,141,4,1,25,5,1,0,0,0,1,0,0
140,141,5,1,25,10,1,0,0,0,0,1,0
140,141,6,1,25,5,1,0,0,0,0,1,0
141,142,1,1,30,10,1,0,0,1,0,0,0
141,142,2,1,30,5,1,0,0,1,0,0,0
141,142,3,1,30,10,1,0,0,0,1,0,0
141,142,4,1,30,5,1,0,0,0,1,0,0
141,142,5,1,30,10,1,0,0,0,0,1,0
141,142,6,1,30,5,1,0,0,0,0,1,0
142,143,1,1,30,10,1,0,0,1,0,0,0
142,143,2,1,30,5,1,0,0,1,0,0,1
142,143,3,1,30,10,1,0,0,0,1,0,1
142,143,4,1,30,5,1,0,0,0,1,0,1
142,143,5,1,30,10,1,0,0,0,0,1,1
142,143,6,1,30,5,1,0,0,0,0,1,1
143,144,1,1,20,10,0,0,0,1,0,0,0
143,144,2,1,20,5,0,0,0,1,0,0,0
143,144,3,1,20,10,0,0,0,0,1,0,1
143,144,4,1,20,5,0,0,0,0,1,0,1
143,144,5,1,20,10,0,0,0,0,0,1,1
143,144,6,1,20,5,0,0,0,0,0,1,1
144,145,1,1,15,10,1,0,0,1,0,0,0
144,145,2,1,15,5,1,0,0,1,0,0,0
144,145,3,1,15,10,1,0,0,0,1,0,0
144,145,4,1,15,5,1,0,0,0,1,0,0
144,145,5,1,15,10,1,0,0,0,0,1,0
144,145,6,1,15,5,1,0,0,0,0,1,0
145,146,1,1,40,10,1,0,0,1,0,0,0
145,146,2,1,40,5,1,0,0,1,0,0,0
145,146,3,1,40,10,1,0,0,0,1,0,0
145,146,4,1,40,5,1,0,0,0,1,0,0
145,146,5,1,40,10,1,0,0,0,0,1,0
145,146,6,1,40,5,1,0,0,0,0,1,0
146,147,1,0,10,10,0,1,0,1,0,0,1
146,147,2,0,10,5,0,1,0,1,0,0,1
146,147,3,0,10,10,0,1,0,0,1,0,1
146,147,4,0,10,5,0,1,0,0,1,0,1
146,147,5,0,10,10,0,1,0,0,0,1,1
146,147,6,0,10,5,0,1,0,0,0,1,1
147,148,1,1,3,10,1,0,0,1,0,0,0
147,148,2,1,3,5,1,0,0,1,0,0,0
147,148,3,1,3,10,1,0,0,0,1,0,0
147,148,4,1,3,5,1,0,0,0,1,0,0
147,148,5,1,3,10,1,0,0,0,0,1,0
147,148,6,1,3,5,1,0,0,0,0,1,0
148,149,1,1,20,10,1,1,0,1,0,0,0
148,149,2,1,20,5,1,1,0,1,0,0,0
148,149,3,1,20,10,1,1,0,0,1,0,0
148,149,4,1,20,5,1,1,0,0,1,0,0
148,149,5,1,20,10,1,1,0,0,0,1,0
148,149,6,1,20,5,1,1,0,0,0,1,0
149,150,1,0,12,10,1,0,0,1,0,0,0
149,150,2,0,12,5,1,0,0,1,0,0,0
149,150,3,0,12,10,1,0,0,0,1,0,0
149,150,4,0,12,5,1,0,0,0,1,0,1
149,150,5,0,12,10,1,0,0,0,0,1,0
149,150,6,0,12,5,1,0,0,0,0,1,1
150,151,1,0,20,10,0,0,1,1,0,0,0
150,151,2,0,20,5,0,0,1,1,0,0,0
150,151,3,0,20,10,0,0,1,0,1,0,1
150,151,4,0,20,5,0,0,1,0,1,0,1
150,151,5,0,20,10,0,0,1,0,0,1,1
150,151,6,0,20,5,0,0,1,0,0,1,1
151,152,1,0,20,10,1,0,0,1,0,0,0
151,152,2,0,20,5,1,0,0,1,0,0,0
151,152,3,0,20,10,1,0,0,0,1,0,0
151,152,4,0,20,5,1,0,0,0,1,0,1
151,152,5,0,20,10,1,0,0,0,0,1,0
151,152,6,0,20,5,1,0,0,0,0,1,1
152,153,1,0,10,10,1,0,0,1,0,0,0
152,153,2,0,10,5,1,0,0,1,0,0,0
152,153,3,0,10,10,1,0,0,0,1,0,1
152,153,4,0,10,5,1,0,0,0,1,0,1
152,153,5,0,10,10,1,0,0,0,0,1,1
152,153,6,0,10,5,1,0,0,0,0,1,1
153,154,1,1,20,10,1,0,0,1,0,0,0
153,154,2,1,20,5,1,0,0,1,0,0,0
153,154,3,1,20,10,1,0,0,0,1,0,1
153,154,4,1,20,5,1,0,0,0,1,0,1
153,154,5,1,20,10,1,0,0,0,0,1,1
153,154,6,1,20,5,1,0,0,0,0,1,1
154,155,1,0,10,10,1,0,0,1,0,0,0
154,155,2,0,10,5,1,0,0,1,0,0,0
154,155,3,0,10,10,1,0,0,0,1,0,0
154,155,4,0,10,5,1,0,0,0,1,0,0
154,155,5,0,10,10,1,0,0,0,0,1,0
154,155,6,0,10,5,1,0,0,0,0,1,0
155,156,1,0,20,10,1,0,0,1,0,0,0
155,156,2,0,20,5,1,0,0,1,0,0,0
155,156,3,0,20,10,1,0,0,0,1,0,1
155,156,4,0,20,5,1,0,0,0,1,0,1
155,156,5,0,20,10,1,0,0,0,0,1,1
155,156,6,0,20,5,1,0,0,0,0,1,1
156,157,1,1,15,10,1,0,0,1,0,0,0
156,157,2,1,15,5,1,0,0,1,0,0,0
156,157,3,1,15,10,1,0,0,0,1,0,0
156,157,4,1,15,5,1,0,0,0,1,0,0
156,157,5,1,15,10,1,0,0,0,0,1,0
156,157,6,1,15,5,1,0,0,0,0,1,0
157,158,1,0,25,10,1,0,0,1,0,0,0
157,158,2,0,25,5,1,0,0,1,0,0,1
157,158,3,0,25,10,1,0,0,0,1,0,1
157,158,4,0,25,5,1,0,0,0,1,0,1
157,158,5,0,25,10,1,0,0,0,0,1,1
157,158,6,0,25,5,1,0,0,0,0,1,1
158,159,1,1,40,10,1,0,0,1,0,0,0
158,159,2,1,40,5,1,0,0,1,0,0,0
158,159,3,1,40,10,1,0,0,0,1,0,0
158,159,4,1,40,5,1,0,0,0,1,0,0
158,159,5,1,40,10,1,0,0,0,0,1,0
158,159,6,1,40,5,1,0,0,0,0,1,0
159,160,1,0,30,10,1,0,0,1,0,0,0
159,160,2,0,30,5,1,0,0,1,0,0,0
159,160,3,0,30,10,1,0,0,0,1,0,1
159,160,4,0,30,5,1,0,0,0,1,0,1
159,160,5,0,30,10,1,0,0,0,0,1,1
159,160,6,0,30,5,1,0,0,0,0,1,1
160,161,1,1,2,10,1,0,0,1,0,0,0
160,161,2,1,2,5,1,0,0,1,0,0,0
160,161,3,1,2,10,1,0,0,0,1,0,0
160,161,4,1,2,5,1,0,0,0,1,0,0
160,161,5,1,2,10,1,0,0,0,0,1,0
160,161,6,1,2,5,1,0,0,0,0,1,0
161,162,1,0,20,10,0,0,0,1,0,0,1
161,162,2,0,20,5,0,0,0,1,0,0,1
161,162,3,0,20,10,0,0,0,0,1,0,1
161,162,4,0,20,5,0,0,0,0,1,0,1
161,162,5,0,20,10,0,0,0,0,0,1,1
161,162,6,0,20,5,0,0,0,0,0,1,1
162,163,1,0,10,10,1,0,0,1,0,0,1
162,163,2,0,10,5,1,0,0,1,0,0,1
162,163,3,0,10,10,1,0,0,0,1,0,1
162,163,4,0,10,5,1,0,0,0,1,0,1
162,163,5,0,10,10,1,0,0,0,0,1,1
162,163,6,0,10,5,1,0,0,0,0,1,1
163,164,1,1,20,10,1,0,0,1,0,0,0
163,164,2,1,20,5,1,0,0,1,0,0,0
163,164,3,1,20,10,1,0,0,0,1,0,1
163,164,4,1,20,5,1,0,0,0,1,0,1
163,164,5,1,20,10,1,0,0,0,0,1,1
163,164,6,1,20,5,1,0,0,0,0,1,1
164,165,1,0,30,10,1,0,0,1,0,0,0
164,165,2,0,30,5,1,0,0,1,0,0,1
164,165,3,0,30,10,1,0,0,0,1,0,0
164,165,4,0,30,5,1,0,0,0,1,0,1
164,165,5,0,30,10,1,0,0,0,0,1,1
164,165,6,0,30,5,1,0,0,0,0,1,1
165,166,1,1,30,10,1,0,0,1,0,0,0
165,166,2,1,30,5,1,0,0,1,0,0,0
165,166,3,1,30,10,1,0,0,0,1,0,0
165,166,4,1,30,5,1,0,0,0,1,0,1
165,166,5,1,30,10,1,0,0,0,0,1,0
165,166,6,1,30,5,1,0,0,0,0,1,1
166,167,1,0,12,10,1,0,0,1,0,0,0
166,167,2,0,12,5,1,0,0,1,0,0,0
166,167,3,0,12,10,1,0,0,0,1,0,0
166,167,4,0,12,5,1,0,0,0,1,0,1
166,167,5,0,12,10,1,0,0,0,0,1,0
166,167,6,0,12,5,1,0,0,0,0,1,1
167,168,1,1,15,10,1,1,0,1,0,0,0
167,168,2,1,15,5,1,1,0,1,0,0,0
167,168,3,1,15,10,1,1,0,0,1,0,0
167,168,4,1,15,5,1,1,0,0,1,0,0
167,168,5,1,15,10,1,1,0,0,0,1,0
167,168,6,1,15,5,1,1,0,0,0,1,0
168,169,1,1,50,10,1,0,0,1,0,0,0
168,169,2,1,50,5,1,0,0,1,0,0,1
168,169,3,1,50,10,1,0,0,0,1,0,1
168,169,4,1,50,5,1,0,0,0,1,0,1
168,169,5,1,50,10,1,0,0,0,0,1,1
168,169,6,1,50,5,1,0,0,0,0,1,1
169,170,1,0,5,10,1,0,0,1,0,0,0
169,170,2,0,5,5,1,0,0,1,0,0,0
169,170,3,0,5,10,1,0,0,0,1,0,0
169,170,4,0,5,5,1,0,0,0,1,0,1
169,170,5,0,5,10,1,0,0,0,0,1,0
169,170,6,0,5,5,1,0,0,0,0,1,1
170,171,1,1,9,10,1,0,0,1,0,0,0
170,171,2,1,9,5,1,0,0,1,0,0,0
170,171,3,1,9,10,1,0,0,0,1,0,1
170,171,4,1,9,5,1,0,0,0,1,0,1
170,171,5,1,9,10,1,0,0,0,0,1,1
170,171,6,1,9,5,1,0,0,0,0,1,1
171,172,1,1,5,10,1,0,0,1,0,0,0
171,172,2,1,5,5,1,0,0,1,0,0,0
171,172,3,1,5,10,1,0,0,0,1,0,0
171,172,4,1,5,5,1,0,0,0,1,0,0
171,172,5,1,5,10,1,0,0,0,0,1,0
171,172,6,1,5,5,1,0,0,0,0,1,0
172,173,1,1,60,10,1,0,0,1,0,0,0
172,173,2,1,60,5,1,0,0,1,0,0,0
172,173,3,1,60,10,1,0,0,0,1,0,0
172,173,4,1,60,5,1,0,0,0,1,0,0
172,173,5,1,60,10,1,0,0,0,0,1,0
172,173,6,1,60,5,1,0,0,0,0,1,0
173,174,1,0,15,10,1,0,0,1,0,0,0
173,174,2,0,15,5,1,0,0,1,0,0,0
173,174,3,0,15,10,1,0,0,0,1,0,0
173,174,4,0,15,5,1,0,0,0,1,0,1
173,174,5,0,15,10,1,0,0,0,0,1,0
173,174,6,0,15,5,1,0,0,0,0,1,1
174,175,1,1,3,10,1,0,0,1,0,0,0
174,175,2,1,3,5,1,0,0,1,0,0,0
174,175,3,1,3,10,1,0,0,0,1,0,0
174,175,4,1,3,5,1,0,0,0,1,0,0
174,175,5,1,3,10,1,0,0,0,0,1,0
174,175,6,1,3,5,1,0,0,0,0,1,0
175,176,1,0,20,10,1,0,0,1,0,0,0
175,176,2,0,20,5,1,0,0,1,0,0,1
175,176,3,0,20,10,1,0,0,0,1,0,1
175,176,4,0,20,5,1,0,0,0,1,0,1
175,176,5,0,20,10,1,0,0,0,0,1,1
175,176,6,0,20,5,1,0,0,0,0,1,1
176,177,1,0,15,10,1,0,0,1,0,0,0
176,177,2,0,15,5,1,0,0,1,0,0,0
176,177,3,0,15,10,1,0,0,0,1,0,1
176,177,4,0,15,5,1,0,0,0,1,0,1
176,177,5,0,15,10,1,0,0,0,0,1,1
176,177,6,0,15,5,1,0,0,0,0,1,1
177,178,1,0,45,10,1,0,0,1,0,0,0
177,178,2,0,45,5,1,0,0,1,0,0,1
177,178,3,0,45,10,1,0,0,0,1,0,1
177,178,4,0,45,5,1,0,0,0,1,0,1
177,178,5,0,45,10,1,0,0,0,0,1,1
177,178,6,0,45,5,1,0,0,0,0,1,1
178,179,1,0,40,10,0,0,1,1,0,0,0
178,179,2,0,40,5,0,0,1,1,0,0,0
178,179,3,0,40,10,0,0,1,0,1,0,1
178,179,4,0,40,5,0,0,1,0,1,0,1
178,179,5,0,40,10,0,0,1,0,0,1,1
178,179,6,0,40,5,0,0,1,0,0,1,1
179,180,1,1,5,10,0,0,0,1,0,0,0
179,180,2,1,5,5,0,0,0,1,0,0,0
179,180,3,1,5,10,0,0,0,0,1,0,0
179,180,4,1,5,5,0,0,0,0,1,0,0
179,180,5,1,5,10,0,0,0,0,0,1,0
179,180,6,1,5,5,0,0,0,0,0,1,0
180,181,1,0,15,10,1,0,0,1,0,0,0
180,181,2,0,15,5,1,0,0,1,0,0,0
180,181,3,0,15,10,1,0,0,0,1,0,0
180,181,4,0,15,5,1,0,0,0,1,0,1
180,181,5,0,15,10,1,0,0,0,0,1,0
180,181,6,0,15,5,1,0,0,0,0,1,1
181,182,1,0,20,10,0,0,0,1,0,0,0
181,182,2,0,20,5,0,0,0,1,0,0,1
181,182,3,0,20,10,0,0,0,0,1,0,0
181,182,4,0,20,5,0,0,0,0,1,0,1
181,182,5,0,20,10,0,0,0,0,0,1,0
181,182,6,0,20,5,0,0,0,0,0,1,1
182,183,1,1,30,10,1,0,0,1,0,0,0
182,183,2,1,30,5,1,0,0,1,0,0,0
182,183,3,1,30,10,1,0,0,0,1,0,0
182,183,4,1,30,5,1,0,0,0,1,0,0
182,183,5,1,30,10,1,0,0,0,0,1,0
182,183,6,1,30,5,1,0,0,0,0,1,0
183,184,1,0,20,10,1,0,0,1,0,0,0
183,184,2,0,20,5,1,0,0,1,0,0,1
183,184,3,0,20,10,1,0,0,0,1,0,1
183,184,4,0,20,5,1,0,0,0,1,0,1
183,184,5,0,20,10,1,0,0,0,0,1,1
183,184,6,0,20,5,1,0,0,0,0,1,1
184,185,1,1,15,10,1,0,0,1,0,0,0
184,185,2,1,15,5,1,0,0,1,0,0,0
184,185,3,1,15,10,1,0,0,0,1,0,0
184,185,4,1,15,5,1,0,0,0,1,0,1
184,185,5,1,15,10,1,0,0,0,0,1,0
184,185,6,1,15,5,1,0,0,0,0,1,1
185,186,1,0,25,10,1,0,0,1,0,0,0
185,186,2,0,25,5,1,0,0,1,0,0,0
185,186,3,0,25,10,1,0,0,0,1,0,1
185,186,4,0,25,5,1,0,0,0,1,0,1
185,186,5,0,25,10,1,0,0,0,0,1,1
185,186,6,0,25,5,1,0,0,0,0,1,1
186,187,1,0,25,10,0,0,1,1,0,0,1
186,187,2,0,25,5,0,0,1,1,0,0,1
186,187,3,0,25,10,0,0,1,0,1,0,1
186,187,4,0,25,5,0,0,1,0,1,0,1
186,187,5,0,25,10,0,0,1,0,0,1,1
186,187,6,0,25,5,0,0,1,0,0,1,1
187,188,1,1,20,10,0,0,1,1,0,0,1
187,188,2,1,20,5,0,0,1,1,0,0,1
187,188,3,1,20,10,0,0,1,0,1,0,1
187,188,4,1,20,5,0,0,1,0,1,0,1
187,188,5,1,20,10,0,0,1,0,0,1,1
187,188,6,1,20,5,0,0,1,0,0,1,1
188,189,1,1,25,10,1,0,0,1,0,0,0
188,189,2,1,25,5,1,0,0,1,0,0,0
188,189,3,1,25,10,1,0,0,0,1,0,0
188,189,4,1,25,5,1,0,0,0,1,0,1
188,189,5,1,25,10,1,0,0,0,0,1,0
188,189,6,1,25,5,1,0,0,0,0,1,1
189,190,1,0,5,10,1,0,0,1,0,0,0
189,190,2,0,5,5,1,0,0,1,0,0,0
189,190,3,0,5,10,1,0,0,0,1,0,0
189,190,4,0,5,5,1,0,0,0,1,0,0
189,190,5,0,5,10,1,0,0,0,0,1,0
189,190,6,0,5,5,1,0,0,0,0,1,0
190,191,1,1,17,10,1,0,0,1,0,0,0
190,191,2,1,17,5,1,0,0,1,0,0,0
190,191,3,1,17,10,1,0,0,0,1,0,0
190,191,4,1,17,5,1,0,0,0,1,0,0
190,191,5,1,17,10,1,0,0,0,0,1,0
190,191,6,1,17,5,1,0,0,0,0,1,1
191,192,1,0,30,10,1,0,0,1,0,0,1
191,192,2,0,30,5,1,0,0,1,0,0,1
191,192,3,0,30,10,1,0,0,0,1,0,1
191,192,4,0,30,5,1,0,0,0,1,0,1
191,192,5,0,30,10,1,0,0,0,0,1,1
191,192,6,0,30,5,1,0,0,0,0,1,1
192,193,1,0,10,10,1,0,0,1,0,0,0
192,193,2,0,10,5,1,0,0,1,0,0,0
192,193,3,0,10,10,1,0,0,0,1,0,1
192,193,4,0,10,5,1,0,0,0,1,0,1
192,193,5,0,10,10,1,0,0,0,0,1,1
192,193,6,0,10,5,1,0,0,0,0,1,1
193,194,1,1,35,10,1,0,0,1,0,0,0
193,194,2,1,35,5,1,0,0,1,0,0,0
193,194,3,1,35,10,1,0,0,0,1,0,0
193,194,4,1,35,5,1,0,0,0,1,0,0
193,194,5,1,35,10,1,0,0,0,0,1,0
193,194,6,1,35,5,1,0,0,0,0,1,0
194,195,1,0,40,10,1,0,0,1,0,0,0
194,195,2,0,40,5,1,0,0,1,0,0,0
194,195,3,0,40,10,1,0,0,0,1,0,1
194,195,4,0,40,5,1,0,0,0,1,0,1
194,195,5,0,40,10,1,0,0,0,0,1,1
194,195,6,0,40,5,1,0,0,0,0,1,1
195,196,1,1,40,10,0,0,0,1,0,0,0
195,196,2,1,40,5,0,0,0,1,0,0,1
195,196,3,1,40,10,0,0,0,0,1,0,0
195,196,4,1,40,5,0,0,0,0,1,0,0
195,196,5,1,40,10,0,0,0,0,0,1,0
195,196,6,1,40,5,0,0,0,0,0,1,0
196,197,1,0,30,10,1,0,0,1,0,0,0
196,197,2,0,30,5,1,0,0,1,0,0,0
196,197,3,0,30,10,1,0,0,0,1,0,1
196,197,4,0,30,5,1,0,0,0,1,0,1
196,197,5,0,30,10,1,0,0,0,0,1,1
196,197,6,0,30,5,1,0,0,0,0,1,1
197,198,1,0,40,10,0,0,1,1,0,0,1
197,198,2,0,40,5,0,0,1,1,0,0,1
197,198,3,0,40,10,0,0,1,0,1,0,1
197,198,4,0,40,5,0,0,1,0,1,0,1
197,198,5,0,40,10,0,0,1,0,0,1,1
197,198,6,0,40,5,0,0,1,0,0,1,1
198,199,1,1,15,10,0,0,0,1,0,0,0
198,199,2,1,15,5,0,0,0,1,0,0,0
198,199,3,1,15,10,0,0,0,0,1,0,0
198,199,4,1,15,5,0,0,0,0,1,0,1
198,199,5,1,15,10,0,0,0,0,0,1,0
198,199,6,1,15,5,0,0,0,0,0,1,1
199,200,1,1,13,10,1,0,0,1,0,0,0
199,200,2,1,13,5,1,0,0,1,0,0,0
199,200,3,1,13,10,1,0,0,0,1,0,0
199,200,4,1,13,5,1,0,0,0,1,0,0
199,200,5,1,13,10,1,0,0,0,0,1,0
199,200,6,1,13,5,1,0,0,0,0,1,0
200,201,1,0,15,10,1,0,0,1,0,0,0
200,201,2,0,15,5,1,0,0,1,0,0,0
200,201,3,0,15,10,1,0,0,0,1,0,1
200,201,4,0,15,5,1,0,0,0,1,0,1
200,201,5,0,15,10,1,0,0,0,0,1,1
200,201,6,0,15,5,1,0,0,0,0,1,1
201,202,1,0,20,10,1,0,0,1,0,0,0
201,202,2,0,20,5,1,0,0,1,0,0,0
201,202,3,0,20,10,1,0,0,0,1,0,1
201,202,4,0,20,5,1,0,0,0,1,0,1
201,202,5,0,20,10,1,0,0,0,0,1,1
201,202,6,0,20,5,1,0,0,0,0,1,1
202,203,1,1,5,10,0,0,0,1,0,0,0
202,203,2,1,5,5,0,0,0,1,0,0,0
202,203,3,1,5,10,0,0,0,0,1,0,0
202,203,4,1,5,5,0,0,0,0,1,0,0
202,203,5,1,5,10,0,0,0,0,0,1,0
202,203,6,1,5,5,0,0,0,0,0,1,0
203,204,1,0,20,10,1,0,1,1,0,0,0
203,204,2,0,20,5,1,0,1,1,0,0,0
203,204,3,0,20,10,1,0,1,0,1,0,1
203,204,4,0,20,5,1,0,1,0,1,0,1
203,204,5,0,20,10,1,0,1,0,0,1,1
203,204,6,0,20,5,1,0,1,0,0,1,1
204,205,1,1,40,10,1,0,0,1,0,0,0
204,205,2,1,40,5,1,0,0,1,0,0,0
204,205,3,1,40,10,1,0,0,0,1,0,0
204,205,4,1,40,5,1,0,0,0,1,0,1
204,205,5,1,40,10,1,0,0,0,0,1,0
204,205,6,1,40,5,1,0,0,0,0,1,1
205,206,1,0,10,10,1,0,0,1,0,0,0
205,206,2,0,10,5,1,0,0,1,0,0,0
205,206,3,0,10,10,1,0,0,0,1,0,1
205,206,4,0,10,5,1,0,0,0,1,0,1
205,206,5,0,10,10,1,0,0,0,0,1,1
205,206,6,0,10,5,1,0,0,0,0,1,1
206,207,1,1,20,10,0,1,0,1,0,0,1
206,207,2,1,20,5,0,1,0,1,0,0,1
206,207,3,1,20,10,0,1,0,0,1,0,1
206,207,4,1,20,5,0,1,0,0,1,0,1
206,207,5,1,20,10,0,1,0,0,0,1,1
206,207,6,1,20,5,0,1,0,0,0,1,1
207,208,1,1,25,10,1,1,0,1,0,0,0
207,208,2,1,25,5,1,1,0,1,0,0,0
207,208,3,1,25,10,1,1,0,0,1,0,0
207,208,4,1,25,5,1,1,0,0,1,0,1
207,208,5,1,25,10,1,1,0,0,0,1,0
207,208,6,1,25,5,1,1,0,0,0,1,1
208,209,1,0,5,10,1,0,0,1,0,0,0
208,209,2,0,5,5,1,0,0,1,0,0,0
208,209,3,0,5,10,1,0,0,0,1,0,0
208,209,4,0,5,5,1,0,0,0,1,0,0
208,209,5,0,5,10,1,0,0,0,0,1,0
208,209,6,0,5,5,1,0,0,0,0,1,0
209,210,1,0,30,10,1,0,0,1,0,0,0
209,210,2,0,30,5,1,0,0,1,0,0,0
209,210,3,0,30,10,1,0,0,0,1,0,1
209,210,4,0,30,5,1,0,0,0,1,0,1
209,210,5,0,30,10,1,0,0,0,0,1,1
209,210,6,0,30,5,1,0,0,0,0,1,1
210,211,1,0,45,10,0,0,1,1,0,0,1
210,211,2,0,45,5,0,0,1,1,0,0,1
210,211,3,0,45,10,0,0,1,0,1,0,1
210,211,4,0,45,5,0,0,1,0,1,0,1
210,211,5,0,45,10,0,0,1,0,0,1,1
210,211,6,0,45,5,0,0,1,0,0,1,1
211,212,1,1,17,10,1,0,0,1,0,0,0
211,212,2,1,17,5,1,0,0,1,0,0,0
211,212,3,1,17,10,1,0,0,0,1,0,0
211,212,4,1,17,5,1,0,0,0,1,0,1
211,212,5,1,17,10,1,0,0,0,0,1,0
211,212,6,1,17,5,1,0,0,0,0,1,1
212,213,1,0,24,10,1,0,0,1,0,0,0
212,213,2,0,24,5,1,0,0,1,0,0,0
212,213,3,0,24,10,1,0,0,0,1,0,1
212,213,4,0,24,5,1,0,0,0,1,0,1
212,213,5,0,24,10,1,0,0,0,0,1,1
212,213,6,0,24,5,1,0,0,0,0,1,1
213,214,1,1,10,10,0,0,0,1,0,0,0
213,214,2,1,10,5,0,0,0,1,0,0,0
213,214,3,1,10,10,0,0,0,0,1,0,1
213,214,4,1,10,5,0,0,0,0,1,0,1
213,214,5,1,10,10,0,0,0,0,0,1,1
213,214,6,1,10,5,0,0,0,0,0,1,1
214,215,1,1,22,10,0,0,0,1,0,0,0
214,215,2,1,22,5,0,0,0,1,0,0,0
214,215,3,1,22,10,0,0,0,0,1,0,0
214,215,4,1,22,5,0,0,0,0,1,0,0
214,215,5,1,22,10,0,0,0,0,0,1,0
214,215,6,1,22,5,0,0,0,0,0,1,0
215,216,1,1,15,10,1,0,0,1,0,0,0
215,216,2,1,15,5,1,0,0,1,0,0,1
215,216,3,1,15,10,1,0,0,0,1,0,0
215,216,4,1,15,5,1,0,0,0,1,0,1
215,216,5,1,15,10,1,0,0,0,0,1,0
215,216,6,1,15,5,1,0,0,0,0,1,1
216,217,1,0,25,10,1,0,0,1,0,0,0
216,217,2,0,25,5,1,0,0,1,0,0,0
216,217,3,0,25,10,1,0,0,0,1,0,1
216,217,4,0,25,5,1,0,0,0,1,0,1
216,217,5,0,25,10,1,0,0,0,0,1,1
216,217,6,0,25,5,1,0,0,0,0,1,1
217,218,1,0,15,10,1,0,0,1,0,0,0
217,218,2,0,15,5,1,0,0,1,0,0,0
217,218,3,0,15,10,1,0,0,0,1,0,0
217,218,4,0,15,5,1,0,0,0,1,0,0
217,218,5,0,15,10,1,0,0,0,0,1,0
217,218,6,0,15,5,1,0,0,0,0,1,0
218,219,1,0,30,10,1,0,0,1,0,0,0
218,219,2,0,30,5,1,0,0,1,0,0,0
218,219,3,0,30,10,1,0,0,0,1,0,1
218,219,4,0,30,5,1,0,0,0,1,0,1
218,219,5,0,30,10,1,0,0,0,0,1,1
218,219,6,0,30,5,1,0,0,0,0,1,1
219,220,1,1,45,10,1,0,0,1,0,0,0
219,220,2,1,45,5,1,0,0,1,0,0,0
219,220,3,1,45,10,1,0,0,0,1,0,0
219,220,4,1,45,5,1,0,0,0,1,0,1
219,220,5,1,45,10,1,0,0,0,0,1,0
219,220,6,1,45,5,1,0,0,0,0,1,1
220,221,1,1,5,10,1,0,0,1,0,0,0
220,221,2,1,5,5,1,0,0,1,0,0,0
220,221,3,1,5,10,1,0,0,0,1,0,0
220,221,4,1,5,5,1,0,0,0,1,0,1
220,221,5,1,5,10,1,0,0,0,0,1,0
220,221,6,1,5,5,1,0,0,0,0,1,1
221,222,1,1,30,10,1,0,0,1,0,0,0
221,222,2,1,30,5,1,0,0,1,0,0,0
221,222,3,1,30,10,1,0,0,0,1,0,0
221,222,4,1,30,5,1,0,0,0,1,0,1
221,222,5,1,30,10,1,0,0,0,0,1,0
221,222,6,1,30,5,1,0,0,0,0,1,1
222,223,1,1,9,10,1,0,0,1,0,0,0
222,223,2,1,9,5,1,0,0,1,0,0,1
222,223,3,1,9,10,1,0,0,0,1,0,1
222,223,4,1,9,5,1,0,0,0,1,0,1
222,223,5,1,9,10,1,0,0,0,0,1,1
222,223,6,1,9,5,1,0,0,0,0,1,1
223,224,1,1,30,10,0,0,1,1,0,0,0
223,224,2,1,30,5,0,0,1,1,0,0,0
223,224,3,1,30,10,0,0,1,0,1,0,0
223,224,4,1,30,5,0,0,1,0,1,0,0
223,224,5,1,30,10,0,0,1,0,0,1,0
223,224,6,1,30,5,0,0,1,0,0,1,0
224,225,1,1,25,10,1,0,0,1,0,0,0
224,225,2,1,25,5,1,0,0,1,0,0,0
224,225,3,1,25,10,1,0,0,0,1,0,0
224,225,4,1,25,5,1,0,0,0,1,0,0
224,225,5,1,25,10,1,0,0,0,0,1,0
224,225,6,1,25,5,1,0,0,0,0,1,0
225,226,1,0,20,10,1,0,0,1,0,0,0
225,226,2,0,20,5,1,0,0,1,0,0,0
225,226,3,0,20,10,1,0,0,0,1,0,0
225,226,4,0,20,5,1,0,0,0,1,0,0
225,226,5,0,20,10,1,0,0,0,0,1,0
225,226,6,0,20,5,1,0,0,0,0,1,0
226,227,1,0,10,10,0,0,0,1,0,0,0
226,227,2,0,10,5,0,0,0,1,0,0,1
226,227,3,0,10,10,0,0,0,0,1,0,0
226,227,4,0,10,5,0,0,0,0,1,0,1
226,227,5,0,10,10,0,0,0,0,0,1,1
226,227,6,0,10,5,0,0,0,0,0,1,1
227,228,1,1,20,10,1,0,0,1,0,0,0
227,228,2,1,20,5,1,0,0,1,0,0,0
227,228,3,1,20,10,1,0,0,0,1,0,0
227,228,4,1,20,5,1,0,0,0,1,0,0
227,228,5,1,20,10,1,0,0,0,0,1,0
227,228,6,1,20,5,1,0,0,0,0,1,0
228,229,1,1,25,10,1,0,0,1,0,0,0
228,229,2,1,25,5,1,0,0,1,0,0,0
228,229,3,1,25,10,1,0,0,0,1,0,0
228,229,4,1,25,5,1,0,0,0,1,0,0
228,229,5,1,25,10,1,0,0,0,0,1,0
228,229,6,1,25,5,1,0,0,0,0,1,0
229,230,1,0,7,10,1,0,0,1,0,0,0
229,230,2,0,7,5,1,0,0,1,0,0,0
229,230,3,0,7,10,1,0,0,0,1,0,1
229,230,4,0,7,5,1,0,0,0,1,0,1
229,230,5,0,7,10,1,0,0,0,0,1,1
229,230,6,0,7,5,1,0,0,0,0,1,1
230,231,1,0,20,10,1,0,0,1,0,0,0
230,231,2,0,20,5,1,0,0,1,0,0,1
230,231,3,0,20,10,1,0,0,0,1,0,1
230,231,4,0,20,5,1,0,0,0,1,0,1
230,231,5,0,20,10,1,0,0,0,0,1,1
230,231,6,0,20,5,1,0,0,0,0,1,1
231,232,1,1,20,10,0,0,0,1,0,0,0
231,232,2,1,20,5,0,0,0,1,0,0,0
231,232,3,1,20,10,0,0,0,0,1,0,0
231,232,4,1,20,5,0,0,0,0,1,0,0
231,232,5,1,20,10,0,0,0,0,0,1,0
231,232,6,1,20,5,0,0,0,0,0,1,0
232,233,1,1,20,10,1,0,0,1,0,0,0
232,233,2,1,20,5,1,0,0,1,0,0,0
232,233,3,1,20,10,1,0,0,0,1,0,0
232,233,4,1,20,5,1,0,0,0,1,0,1
232,233,5,1,20,10,1,0,0,0,0,1,0
232,233,6,1,20,5,1,0,0,0,0,1,1
233,234,1,0,30,10,1,0,0,1,0,0,0
233,234,2,0,30,5,1,0,0,1,0,0,0
233,234,3,0,30,10,1,0,0,0,1,0,1
233,234,4,0,30,5,1,0,0,0,1,0,1
233,234,5,0,30,10,1,0,0,0,0,1,1
233,234,6,0,30,5,1,0,0,0,0,1,1
234,235,1,0,35,10,1,0,0,1,0,0,1
234,235,2,0,35,5,1,0,0,1,0,0,1
234,235,3,0,35,10,1,0,0,0,1,0,1
234,235,4,0,35,5,1,0,0,0,1,0,1
234,235,5,0,35,10,1,0,0,0,0,1,1
234,235,6,0,35,5,1,0,0,0,0,1,1
235,236,1,1,20,10,1,0,0,1,0,0,0
235,236,2,1,20,5,1,0,0,1,0,0,0
235,236,3,1,20,10,1,0,0,0,1,0,0
235,236,4,1,20,5,1,0,0,0,1,0,1
235,236,5,1,20,10,1,0,0,0,0,1,0
235,236,6,1,20,5,1,0,0,0,0,1,1
236,237,1,0,18,10,1,0,0,1,0,0,0
236,237,2,0,18,5,1,0,0,1,0,0,0
236,237,3,0,18,10,1,0,0,0,1,0,0
236,237,4,0,18,5,1,0,0,0,1,0,0
236,237,5,0,18,10,1,0,0,0,0,1,0
236,237,6,0,18,5,1,0,0,0,0,1,0
237,238,1,0,8,10,1,0,0,1,0,0,0
237,238,2,0,8,5,1,0,0,1,0,0,0
237,238,3,0,8,10,1,0,0,0,1,0,0
237,238,4,0,8,5,1,0,0,0,1,0,0
237,238,5,0,8,10,1,0,0,0,0,1,0
237,238,6,0,8,5,1,0,0,0,0,1,0
238,239,1,0,40,10,1,0,0,1,0,0,0
238,239,2,0,40,5,1,0,0,1,0,0,0
238,239,3,0,40,10,1,0,0,0,1,0,0
238,239,4,0,40,5,1,0,0,0,1,0,1
238,239,5,0,40,10,1,0,0,0,0,1,0
238,239,6,0,40,5,1,0,0,0,0,1,1
239,240,1,0,30,10,1,0,0,1,0,0,0
239,240,2,0,30,5,1,0,0,1,0,0,0
239,240,3,0,30,10,1,0,0,0,1,0,1
239,240,4,0,30,5,1,0,0,0,1,0,1
239,240,5,0,30,10,1,0,0,0,0,1,1
239,240,6,0,30,5,1,0,0,0,0,1,1
240,241,1,0,15,10,1,0,0,1,0,0,0
240,241,2,0,15,5,1,0,0,1,0,0,0
240,241,3,0,15,10,1,0,0,0,1,0,0
240,241,4,0,15,5,1,0,0,0,1,0,1
240,241,5,0,15,10,1,0,0,0,0,1,0
240,241,6,0,15,5,1,0,0,0,0,1,1
241,242,1,1,20,10,1,0,0,1,0,0,0
241,242,2,1,20,5,1,0,0,1,0,0,0
241,242,3,1,20,10,1,0,0,0,1,0,0
241,242,4,1,20,5,1,0,0,0,1,0,0
241,242,5,1,20,10,1,0,0,0,0,1,0
241,242,6,1,20,5,1,0,0,0,0,1,0
242,243,1,0,15,10,1,0,0,1,0,0,0
242,243,2,0,15,5,1,0,0,1,0,0,1
242,243,3,0,15,10,1,0,0,0,1,0,1
242,243,4,0,15,5,1,0,0,0,1,0,1
242,243,5,0,15,10,1,0,0,0,0,1,1
242,243,6,0,15,5,1,0,0,0,0,1,1
243,244,1,0,15,10,1,0,0,1,0,0,0
243,244,2,0,15,5,1,0,0,1,0,0,0
243,244,3,0,15,10,1,0,0,0,1,0,0
243,244,4,0,15,5,1,0,0,0,1,0,1
243,244,5,0,15,10,1,0,0,0,0,1,0
243,244,6,0,15,5,1,0,0,0,0,1,1
244,245,1,0,40,10,1,0,0,1,0,0,0
244,245,2,0,40,5,1,0,0,1,0,0,0
244,245,3,0,40,10,1,0,0,0,1,0,1
244,245,4,0,40,5,1,0,0,0,1,0,1
244,245,5,0,40,10,1,0,0,0,0,1,1
244,245,6,0,40,5,1,0,0,0,0,1,1
245,246,1,0,25,10,1,0,0,1,0,0,1
245,246,2,0,25,5,1,0,0,1,0,0,1
245,246,3,0,25,10,1,0,0,0,1,0,1
245,246,4,0,25,5,1,0,0,0,1,0,1
245,246,5,0,25,10,1,0,0,0,0,1,1
245,246,6,0,25,5,1,0,0,0,0,1,1
246,247,1,0,40,10,0,0,0,1,0,0,0
246,247,2,0,40,5,0,0,0,1,0,0,0
246,247,3,0,40,10,0,0,0,0,1,0,1
246,247,4,0,40,5,0,0,0,0,1,0,1
246,247,5,0,40,10,0,0,0,0,0,1,1
246,247,6,0,40,5,0,0,0,0,0,1,1
247,248,1,1,15,10,1,0,0,1,0,0,0
247,248,2,1,15,5,1,0,0,1,0,0,0
247,248,3,1,15,10,1,0,0,0,1,0,0
247,248,4,1,15,5,1,0,0,0,1,0,0
247,248,5,1,15,10,1,0,0,0,0,1,0
247,248,6,1,15,5,1,0,0,0,0,1,0
248,249,1,0,35,10,0,0,1,1,0,0,1
248,249,2,0,35,5,0,0,1,1,0,0,1
248,249,3,0,35,10,0,0,1,0,1,0,1
248,249,4,0,35,5,0,0,1,0,1,0,1
248,249,5,0,35,10,0,0,1,0,0,1,1
248,249,6,0,35,5,0,0,1,0,0,1,1
249,250,1,1,10,10,1,0,0,1,0,0,0
249,250,2,1,10,5,1,0,0,1,0,0,0
249,250,3,1,10,10,1,0,0,0,1,0,0
249,250,4,1,10,5,1,0,0,0,1,0,0
249,250,5,1,10,10,1,0,0,0,0,1,0
249,250,6,1,10,5,1,0,0,0,0,1,0
250,251,1,0,25,10,0,0,0,1,0,0,0
250,251,2,0,25,5,0,0,0,1,0,0,0
250,251,3,0,25,10,0,0,0,0,1,0,0
250,251,4,0,25,5,0,0,0,0,1,0,1
250,251,5,0,25,10,0,0,0,0,0,1,0
250,251,6,0,25,5,0,0,0,0,0,1,1
251,252,1,1,25,10,1,0,0,1,0,0,0
251,252,2,1,25,5,1,0,0,1,0,0,0
251,252,3,1,25,10,1,0,0,0,1,0,0
251,252,4,1,25,5,1,0,0,0,1,0,0
251,252,5,1,25,10,1,0,0,0,0,1,0
251,252,6,1,25,5,1,0,0,0,0,1,0
252,253,1,0,15,10,1,0,0,1,0,0,0
252,253,2,0,15,5,1,0,0,1,0,0,1
252,253,3,0,15,10,1,0,0,0,1,0,0
252,253,4,0,15,5,1,0,0,0,1,0,0
252,253,5,0,15,10,1,0,0,0,0,1,0
252,253,6,0,15,5,1,0,0,0,0,1,1
253,254,1,1,15,10,1,0,0,1,0,0,0
253,254,2,1,15,5,1,0,0,1,0,0,0
253,254,3,1,15,10,1,0,0,0,1,0,0
253,254,4,1,15,5,1,0,0,0,1,0,1
253,254,5,1,15,10,1,0,0,0,0,1,0
253,254,6,1,15,5,1,0,0,0,0,1,1
254,255,1,1,30,10,1,0,0,1,0,0,0
254,255,2,1,30,5,1,0,0,1,0,0,1
254,255,3,1,30,10,1,0,0,0,1,0,0
254,255,4,1,30,5,1,0,0,0,1,0,1
254,255,5,1,30,10,1,0,0,0,0,1,0
254,255,6,1,30,5,1,0,0,0,0,1,1
255,256,1,1,40,10,1,0,0,1,0,0,0
255,256,2,1,40,5,1,0,0,1,0,0,0
255,256,3,1,40,10,1,0,0,0,1,0,0
255,256,4,1,40,5,1,0,0,0,1,0,1
255,256,5,1,40,10,1,0,0,0,0,1,0
255,256,6,1,40,5,1,0,0,0,0,1,1
256,257,1,1,25,10,1,0,0,1,0,0,0
256,257,2,1,25,5,1,0,0,1,0,0,0
256,257,3,1,25,10,1,0,0,0,1,0,0
256,257,4,1,25,5,1,0,0,0,1,0,0
256,257,5,1,25,10,1,0,0,0,0,1,0
256,257,6,1,25,5,1,0,0,0,0,1,0
257,258,1,1,7,10,1,0,0,1,0,0,0
257,258,2,1,7,5,1,0,0,1,0,0,1
257,258,3,1,7,10,1,0,0,0,1,0,1
257,258,4,1,7,5,1,0,0,0,1,0,1
257,258,5,1,7,10,1,0,0,0,0,1,1
257,258,6,1,7,5,1,0,0,0,0,1,1
258,259,1,0,20,10,1,0,0,1,0,0,0
258,259,2,0,20,5,1,0,0,1,0,0,0
258,259,3,0,20,10,1,0,0,0,1,0,1
258,259,4,0,20,5,1,0,0,0,1,0,1
258,259,5,0,20,10,1,0,0,0,0,1,1
258,259,6,0,20,5,1,0,0,0,0,1,1
259,260,1,0,30,10,1,0,0,1,0,0,0
259,260,2,0,30,5,1,0,0,1,0,0,0
259,260,3,0,30,10,1,0,0,0,1,0,0
259,260,4,0,30,5,1,0,0,0,1,0,1
259,260,5,0,30,10,1,0,0,0,0,1,0
259,260,6,0,30,5,1,0,0,0,0,1,1
260,261,1,0,10,10,1,0,0,1,0,0,0
260,261,2,0,10,5,1,0,0,1,0,0,1
260,261,3,0,10,10,1,0,0,0,1,0,1
260,261,4,0,10,5,1,0,0,0,1,0,1
260,261,5,0,10,10,1,0,0,0,0,1,1
260,261,6,0,10,5,1,0,0,0,0,1,1
261,262,1,1,13,10,1,0,0,1,0,0,0
261,262,2,1,13,5,1,0,0,1,0,0,0
261,262,3,1,13,10,1,0,0,0,1,0,0
261,262,4,1,13,5,1,0,0,0,1,0,1
261,262,5,1,13,10,1,0,0,0,0,1,0
261,262,6,1,13,5,1,0,0,0,0,1,1
262,263,1,1,35,10,1,0,0,1,0,0,0
262,263,2,1,35,5,1,0,0,1,0,0,0
262,263,3,1,35,10,1,0,0,0,1,0,1
262,263,4,1,35,5,1,0,0,0,1,0,1
262,263,5,1,35,10,1,0,0,0,0,1,1
262,263,6,1,35,5,1,0,0,0,0,1,1
263,264,1,1,12,10,1,0,0,1,0,0,0
263,264,2,1,12,5,1,0,0,1,0,0,0
263,264,3,1,12,10,1,0,0,0,1,0,0
263,264,4,1,12,5,1,0,0,0,1,0,0
263,264,5,1,12,10,1,0,0,0,0,1,0
263,264,6,1,12,5,1,0,0,0,0,1,0
264,265,1,1,30,10,1,0,0,1,0,0,0
264,265,2,1,30,5,1,0,0,1,0,0,1
264,265,3,1,30,10,1,0,0,0,1,0,0
264,265,4,1,30,5,1,0,0,0,1,0,1
264,265,5,1,30,10,1,0,0,0,0,1,0
264,265,6,1,30,5,1,0,0,0,0,1,1
265,266,1,1,20,10,1,0,0,1,0,0,0
265,266,2,1,20,5,1,0,0,1,0,0,0
265,266,3,1,20,10,1,0,0,0,1,0,0
265,266,4,1,20,5,1,0,0,0,1,0,0
265,266,5,1,20,10,1,0,0,0,0,1,0
265,266,6,1,20,5,1,0,0,0,0,1,0
266,267,1,1,20,10,1,0,0,1,0,0,0
266,267,2,1,20,5,1,0,0,1,0,0,0
266,267,3,1,20,10,1,0,0,0,1,0,0
266,267,4,1,20,5,1,0,0,0,1,0,1
266,267,5,1,20,10,1,0,0,0,0,1,0
266,267,6,1,20,5,1,0,0,0,0,1,1
267,268,1,1,20,10,1,0,0,1,0,0,0
267,268,2,1,20,5,1,0,0,1,0,0,0
267,268,3,1,20,10,1,0,0,0,1,0,0
267,268,4,1,20,5,1,0,0,0,1,0,0
267,268,5,1,20,10,1,0,0,0,0,1,0
267,268,6,1,20,5,1,0,0,0,0,1,0
268,269,1,1,20,10,1,0,0,1,0,0,0
268,269,2,1,20,5,1,0,0,1,0,0,0
268,269,3,1,20,10,1,0,0,0,1,0,0
268,269,4,1,20,5,1,0,0,0,1,0,1
268,269,5,1,20,10,1,0,0,0,0,1,0
268,269,6,1,20,5,1,0,0,0,0,1,1
269,270,1,0,20,10,1,0,0,1,0,0,0
269,270,2,0,20,5,1,0,0,1,0,0,0
269,270,3,0,20,10,1,0,0,0,1,0,0
269,270,4,0,20,5,1,0,0,0,1,0,0
269,270,5,0,20,10,1,0,0,0,0,1,0
269,270,6,0,20,5,1,0,0,0,0,1,0
270,271,1,1,38,10,1,0,0,1,0,0,1
270,271,2,1,38,5,1,0,0,1,0,0,1
270,271,3,1,38,10,1,0,0,0,1,0,1
270,271,4,1,38,5,1,0,0,0,1,0,1
270,271,5,1,38,10,1,0,0,0,0,1,1
270,271,6,1,38,5,1,0,0,0,0,1,1
271,272,1,0,15,10,1,0,0,1,0,0,1
271,272,2,0,15,5,1,0,0,1,0,0,1
271,272,3,0,15,10,1,0,0,0,1,0,1
271,272,4,0,15,5,1,0,0,0,1,0,1
271,272,5,0,15,10,1,0,0,0,0,1,1
271,272,6,0,15,5,1,0,0,0,0,1,1
272,273,1,1,40,10,1,0,0,1,0,0,0
272,273,2,1,40,5,1,0,0,1,0,0,0
272,273,3,1,40,10,1,0,0,0,1,0,0
272,273,4,1,40,5,1,0,0,0,1,0,0
272,273,5,1,40,10,1,0,0,0,0,1,0
272,273,6,1,40,5,1,0,0,0,0,1,0
273,274,1,1,25,10,1,0,0,1,0,0,0
273,274,2,1,25,5,1,0,0,1,0,0,0
273,274,3,1,25,10,1,0,0,0,1,0,0
273,274,4,1,25,5,1,0,0,0,1,0,0
273,274,5,1,25,10,1,0,0,0,0,1,0
273,274,6,1,25,5,1,0,0,0,0,1,0
274,275,1,1,10,10,1,0,0,1,0,0,0
274,275,2,1,10,5,1,0,0,1,0,0,0
274,275,3,1,10,10,1,0,0,0,1,0,0
274,275,4,1,10,5,1,0,0,0,1,0,1
274,275,5,1,10,10,1,0,0,0,0,1,0
274,275,6,1,10,5,1,0,0,0,0,1,1
275,276,1,1,30,10,1,0,0,1,0,0,0
275,276,2,1,30,5,1,0,0,1,0,0,1
275,276,3,1,30,10,1,0,0,0,1,0,1
275,276,4,1,30,5,1,0,0,0,1,0,1
275,276,5,1,30,10,1,0,0,0,0,1,1
275,276,6,1,30,5,1,0,0,0,0,1,1
276,277,1,0,25,10,1,0,0,1,0,0,0
276,277,2,0,25,5,1,0,0,1,0,0,0
276,277,3,0,25,10,1,0,0,0,1,0,1
276,277,4,0,25,5,1,0,0,0,1,0,1
276,277,5,0,25,10,1,0,0,0,0,1,1
276,277,6,0,25,5,1,0,0,0,0,1,1
277,278,1,0,30,10,1,0,0,1,0,0,0
277,278,2,0,30,5,1,0,0,1,0,0,0
277,278,3,0,30,10,1,0,0,0,1,0,1
277,278,4,0,30,5,1,0,0,0,1,0,1
277,278,5,0,30,10,1,0,0,0,0,1,1
277,278,6,0,30,5,1,0,0,0,0,1,1
278,279,1,1,5,10,1,0,0,1,0,0,0
278,279,2,1,5,5,1,0,0,1,0,0,0
278,279,3,1,5,10,1,0,0,0,1,0,0
278,279,4,1,5,5,1,0,0,0,1,0,0
278,279,5,1,5,10,1,0,0,0,0,1,0
278,279,6,1,5,5,1,0,0,0,0,1,0
279,280,1,0,30,10,1,0,0,1,0,0,0
279,280,2,0,30,5,1,0,0,1,0,0,1
279,280,3,0,30,10,1,0,0,0,1,0,1
279,280,4,0,30,5,1,0,0,0,1,0,1
279,280,5,0,30,10,1,0,0,0,0,1,1
279,280,6,0,30,5,1,0,0,0,0,1,1
280,281,1,1,25,10,0,0,0,1,0,0,0
280,281,2,1,25,5,0,0,0,1,0,0,0
280,281,3,1,25,10,0,0,0,0,1,0,0
280,281,4,1,25,5,0,0,0,0,1,0,1
280,281,5,1,25,10,0,0,0,0,0,1,0
280,281,6,1,25,5,0,0,0,0,0,1,1
281,282,1,1,30,10,1,0,0,1,0,0,0
281,282,2,1,30,5,1,0,0,1,0,0,0
281,282,3,1,30,10,1,0,0,0,1,0,0
281,282,4,1,30,5,1,0,0,0,1,0,0
281,282,5,1,30,10,1,0,0,0,0,1,0
281,282,6,1,30,5,1,0,0,0,0,1,0
282,283,1,1,22,10,1,0,0,1,0,0,0
282,283,2,1,22,5,1,0,0,1,0,0,0
282,283,3,1,22,10,1,0,0,0,1,0,0
282,283,4,1,22,5,1,0,0,0,1,0,1
282,283,5,1,22,10,1,0,0,0,0,1,0
282,283,6,1,22,5,1,0,0,0,0,1,1
283,284,1,0,15,10,0,0,0,1,0,0,0
283,284,2,0,15,5,0,0,0,1,0,0,0
283,284,3,0,15,10,0,0,0,0,1,0,0
283,284,4,0,15,5,0,0,0,0,1,0,1
283,284,5,0,15,10,0,0,0,0,0,1,0
283,284,6,0,15,5,0,0,0,0,0,1,1
284,285,1,0,14,10,1,0,0,1,0,0,0
284,285,2,0,14,5,1,0,0,1,0,0,0
284,285,3,0,14,10,1,0,0,0,1,0,0
284,285,4,0,14,5,1,0,0,0,1,0,0
284,285,5,0,14,10,1,0,0,0,0,1,0
284,285,6,0,14,5,1,0,0,0,0,1,0
285,286,1,1,20,10,0,0,0,1,0,0,0
285,286,2,1,20,5,0,0,0,1,0,0,1
285,286,3,1,20,10,0,0,0,0,1,0,0
285,286,4,1,20,5,0,0,0,0,1,0,1
285,286,5,1,20,10,0,0,0,0,0,1,0
285,286,6,1,20,5,0,0,0,0,0,1,1
286,287,1,1,40,10,1,0,0,1,0,0,0
286,287,2,1,40,5,1,0,0,1,0,0,0
286,287,3,1,40,10,1,0,0,0,1,0,1
286,287,4,1,40,5,1,0,0,0,1,0,1
286,287,5,1,40,10,1,0,0,0,0,1,1
286,287,6,1,40,5,1,0,0,0,0,1,1
287,288,1,0,33,10,0,0,1,1,0,0,1
287,288,2,0,33,5,0,0,1,1,0,0,1
287,288,3,0,33,10,0,0,1,0,1,0,1
287,288,4,0,33,5,0,0,1,0,1,0,1
287,288,5,0,33,10,0,0,1,0,0,1,1
287,288,6,0,33,5,0,0,1,0,0,1,1
288,289,1,1,20,10,1,0,0,1,0,0,0
288,289,2,1,20,5,1,0,0,1,0,0,0
288,289,3,1,20,10,1,0,0,0,1,0,0
288,289,4,1,20,5,1,0,0,0,1,0,1
288,289,5,1,20,10,1,0,0,0,0,1,0
288,289,6,1,20,5,1,0,0,0,0,1,1
289,290,1,1,30,10,1,0,0,1,0,0,0
289,290,2,1,30,5,1,0,0,1,0,0,0
289,290,3,1,30,10,1,0,0,0,1,0,0
289,290,4,1,30,5,1,0,0,0,1,0,0
289,290,5,1,30,10,1,0,0,0,0,1,0
289,290,6,1,30,5,1,0,0,0,0,1,0
290,291,1,1,7,10,1,0,0,1,0,0,0
290,291,2,1,7,5,1,0,0,1,0,0,0
290,291,3,1,7,10,1,0,0,0,1,0,0
290,291,4,1,7,5,1,0,0,0,1,0,0
290,291,5,1,7,10,1,0,0,0,0,1,0
290,291,6,1,7,5,1,0,0,0,0,1,0
291,292,1,1,15,10,1,0,1,1,0,0,1
291,292,2,1,15,5,1,0,1,1,0,0,1
291,292,3,1,15,10,1,0,1,0,1,0,1
291,292,4,1,15,5,1,0,1,0,1,0,1
291,292,5,1,15,10,1,0,1,0,0,1,1
291,292,6,1,15,5,1,0,1,0,0,1,1
292,293,1,1,25,10,1,0,0,1,0,0,0
292,293,2,1,25,5,1,0,0,1,0,0,0
292,293,3,1,25,10,1,0,0,0,1,0,0
292,293,4,1,25,5,1,0,0,0,1,0,1
292,293,5,1,25,10,1,0,0,0,0,1,0
292,293,6,1,25,5,1,0,0,0,0,1,1
293,294,1,0,25,10,1,0,0,1,0,0,0
293,294,2,0,25,5,1,0,0,1,0,0,0
293,294,3,0,25,10,1,0,0,0,1,0,0
293,294,4,0,25,5,1,0,0,0,1,0,1
293,294,5,0,25,10,1,0,0,0,0,1,1
293,294,6,0,25,5,1,0,0,0,0,1,1
294,295,1,1,10,10,1,0,0,1,0,0,0
294,295,2,1,10,5,1,0,0,1,0,0,0
294,295,3,1,10,10,1,0,0,0,1,0,0
294,295,4,1,10,5,1,0,0,0,1,0,0
294,295,5,1,10,10,1,0,0,0,0,1,0
294,295,6,1,10,5,1,0,0,0,0,1,0
295,296,1,1,8,10,0,0,0,1,0,0,0
295,296,2,1,8,5,0,0,0,1,0,0,0
295,296,3,1,8,10,0,0,0,0,1,0,0
295,296,4,1,8,5,0,0,0,0,1,0,0
295,296,5,1,8,10,0,0,0,0,0,1,0
295,296,6,1,8,5,0,0,0,0,0,1,0
296,297,1,0,30,10,1,0,0,1,0,0,0
296,297,2,0,30,5,1,0,0,1,0,0,1
296,297,3,0,30,10,1,0,0,0,1,0,1
296,297,4,0,30,5,1,0,0,0,1,0,1
296,297,5,0,30,10,1,0,0,0,0,1,1
296,297,6,0,30,5,1,0,0,0,0,1,1
297,298,1,1,7,10,1,0,0,1,0,0,0
297,298,2,1,7,5,1,0,0,1,0,0,0
297,298,3,1,7,10,1,0,0,0,1,0,0
297,298,4,1,7,5,1,0,0,0,1,0,0
297,298,5,1,7,10,1,0,0,0,0,1,0
297,298,6,1,7,5,1,0,0,0,0,1,0
298,299,1,0,20,10,0,0,1,1,0,0,1
298,299,2,0,20,5,0,0,1,1,0,0,1
298,299,3,0,20,10,0,0,1,0,1,0,1
298,299,4,0,20,5,0,0,1,0,1,0,1
298,299,5,0,20,10,0,0,1,0,0,1,1
298,299,6,0,20,5,0,0,1,0,0,1,1
299,300,1,1,25,10,1,0,0,1,0,0,0
299,300,2,1,25,5,1,0,0,1,0,0,0
299,300,3,1,25,10,1,0,0,0,1,0,0
299,300,4,1,25,5,1,0,0,0,1,0,0
299,300,5,1,25,10,1,0,0,0,0,1,0
299,300,6,1,25,5,1,0,0,0,0,1,0
300,301,1,1,12,10,1,0,0,1,0,0,0
300,301,2,1,12,5,1,0,0,1,0,0,0
300,301,3,1,12,10,1,0,0,0,1,0,0
300,301,4,1,12,5,1,0,0,0,1,0,1
300,301,5,1,12,10,1,0,0,0,0,1,0
300,301,6,1,12,5,1,0,0,0,0,1,1
301,302,1,0,20,10,1,1,0,1,0,0,0
301,302,2,0,20,5,1,1,0,1,0,0,1
301,302,3,0,20,10,1,1,0,0,1,0,1
301,302,4,0,20,5,1,1,0,0,1,0,1
301,302,5,0,20,10,1,1,0,0,0,1,1
301,302,6,0,20,5,1,1,0,0,0,1,1
302,303,1,1,20,10,1,0,0,1,0,0,0
302,303,2,1,20,5,1,0,0,1,0,0,0
302,303,3,1,20,10,1,0,0,0,1,0,0
302,303,4,1,20,5,1,0,0,0,1,0,1
302,303,5,1,20,10,1,0,0,0,0,1,0
302,303,6,1,20,5,1,0,0,0,0,1,1
303,304,1,0,18,10,1,0,1,1,0,0,1
303,304,2,0,18,5,1,0,1,1,0,0,1
303,304,3,0,18,10,1,0,1,0,1,0,1
303,304,4,0,18,5,1,0,1,0,1,0,1
303,304,5,0,18,10,1,0,1,0,0,1,1
303,304,6,0,18,5,1,0,1,0,0,1,1
304,305,1,1,18,10,1,0,0,1,0,0,0
304,305,2,1,18,5,1,0,0,1,0,0,0
304,305,3,1,18,10,1,0,0,0,1,0,0
304,305,4,1,18,5,1,0,0,0,1,0,0
304,305,5,1,18,10,1,0,0,0,0,1,0
304,305,6,1,18,5,1,0,0,0,0,1,0
305,306,1,1,20,10,1,0,0,1,0,0,0
305,306,2,1,20,5,1,0,0,1,0,0,0
305,306,3,1,20,10,1,0,0,0,1,0,0
305,306,4,1,20,5,1,0,0,0,1,0,0
305,306,5,1,20,10,1,0,0,0,0,1,0
305,306,6,1,20,5,1,0,0,0,0,1,0
306,307,1,1,30,10,0,0,0,1,0,0,0
306,307,2,1,30,5,0,0,0,1,0,0,0
306,307,3,1,30,10,0,0,0,0,1,0,1
306,307,4,1,30,5,0,0,0,0,1,0,1
306,307,5,1,30,10,0,0,0,0,0,1,1
306,307,6,1,30,5,0,0,0,0,0,1,1
307,308,1,0,20,10,1,0,0,1,0,0,0
307,308,2,0,20,5,1,0,0,1,0,0,1
307,308,3,0,20,10,1,0,0,0,1,0,1
307,308,4,0,20,5,1,0,0,0,1,0,1
307,308,5,0,20,10,1,0,0,0,0,1,1
307,308,6,0,20,5,1,0,0,0,0,1,1
308,309,1,0,30,10,1,0,1,1,0,0,0
308,309,2,0,30,5,1,0,1,1,0,0,1
308,309,3,0,30,10,1,0,1,0,1,0,1
308,309,4,0,30,5,1,0,1,0,1,0,1
308,309,5,0,30,10,1,0,1,0,0,1,1
308,309,6,0,30,5,1,0,1,0,0,1,1
309,310,1,0,10,10,0,0,1,1,0,0,0
309,310,2,0,10,5,0,0,1,1,0,0,0
309,310,3,0,10,10,0,0,1,0,1,0,1
309,310,4,0,10,5,0,0,1,0,1,0,1
309,310,5,0,10,10,0,0,1,0,0,1,1
309,310,6,0,10,5,0,0,1,0,0,1,1
310,311,1,0,30,10,0,0,0,1,0,0,0
310,311,2,0,30,5,0,0,0,1,0,0,0
310,311,3,0,30,10,0,0,0,0,1,0,1
310,311,4,0,30,5,0,0,0,0,1,0,1
310,311,5,0,30,10,0,0,0,0,0,1,1
310,311,6,0,30,5,0,0,0,0,0,1,1
311,312,1,1,22,10,0,0,0,1,0,0,0
311,312,2,1,22,5,0,0,0,1,0,0,0
311,312,3,1,22,10,0,0,0,0,1,0,0
311,312,4,1,22,5,0,0,0,0,1,0,1
311,312,5,1,22,10,0,0,0,0,0,1,0
311,312,6,1,22,5,0,0,0,0,0,1,1
312,313,1,0,5,10,1,1,0,1,0,0,0
312,313,2,0,5,5,1,1,0,1,0,0,1
312,313,3,0,5,10,1,1,0,0,1,0,1
312,313,4,0,5,5,1,1,0,0,1,0,1
312,313,5,0,5,10,1,1,0,0,0,1,1
312,313,6,0,5,5,1,1,0,0,0,1,1
313,314,1,1,7,10,1,0,0,1,0,0,0
313,314,2,1,7,5,1,0,0,1,0,0,0
313,314,3,1,7,10,1,0,0,0,1,0,0
313,314,4,1,7,5,1,0,0,0,1,0,0
313,314,5,1,7,10,1,0,0,0,0,1,0
313,314,6,1,7,5,1,0,0,0,0,1,0
314,315,1,0,40,10,0,0,0,1,0,0,0
314,315,2,0,40,5,0,0,0,1,0,0,1
314,315,3,0,40,10,0,0,0,0,1,0,0
314,315,4,0,40,5,0,0,0,0,1,0,1
314,315,5,0,40,10,0,0,0,0,0,1,0
314,315,6,0,40,5,0,0,0,0,0,1,1
315,316,1,0,15,10,0,0,0,1,0,0,0
315,316,2,0,15,5,0,0,0,1,0,0,0
315,316,3,0,15,10,0,0,0,0,1,0,1
315,316,4,0,15,5,0,0,0,0,1,0,1
315,316,5,0,15,10,0,0,0,0,0,1,1
315,316,6,0,15,5,0,0,0,0,0,1,1
316,317,1,0,20,10,1,0,0,1,0,0,0
316,317,2,0,20,5,1,0,0,1,0,0,1
316,317,3,0,20,10,1,0,0,0,1,0,1
316,317,4,0,20,5,1,0,0,0,1,0,1
316,317,5,0,20,10,1,0,0,0,0,1,1
316,317,6,0,20,5,1,0,0,0,0,1,1
317,318,1,0,10,10,1,0,0,1,0,0,0
317,318,2,0,10,5,1,0,0,1,0,0,0
317,318,3,0,10,10,1,0,0,0,1,0,0
317,318,4,0,10,5,1,0,0,0,1,0,0
317,318,5,0,10,10,1,0,0,0,0,1,0
317,318,6,0,10,5,1,0,0,0,0,1,0
318,319,1,1,35,10,0,0,0,1,0,0,0
318,319,2,1,35,5,0,0,0,1,0,0,0
318,319,3,1,35,10,0,0,0,0,1,0,0
318,319,4,1,35,5,0,0,0,0,1,0,1
318,319,5,1,35,10,0,0,0,0,0,1,0
318,319,6,1,35,5,0,0,0,0,0,1,1
319,320,1,0,30,10,1,0,0,1,0,0,0
319,320,2,0,30,5,1,0,0,1,0,0,0
319,320,3,0,30,10,1,0,0,0,1,0,1
319,320,4,0,30,5,1,0,0,0,1,0,1
319,320,5,0,30,10,1,0,0,0,0,1,1
319,320,6,0,30,5,1,0,0,0,0,1,1
320,321,1,0,25,10,0,0,0,1,0,0,0
320,321,2,0,25,5,0,0,0,1,0,0,0
320,321,3,0,25,10,0,0,0,0,1,0,0
320,321,4,0,25,5,0,0,0,0,1,0,0
320,321,5,0,25,10,0,0,0,0,0,1,0
320,321,6,0,25,5,0,0,0,0,0,1,0
321,322,1,0,40,10,0,0,1,1,0,0,1
321,322,2,0,40,5,0,0,1,1,0,0,1
321,322,3,0,40,10,0,0,1,0,1,0,1
321,322,4,0,40,5,0,0,1,0,1,0,1
321,322,5,0,40,10,0,0,1,0,0,1,1
321,322,6,0,40,5,0,0,1,0,0,1,1
322,323,1,1,7,10,1,0,0,1,0,0,0
322,323,2,1,7,5,1,0,0,1,0,0,0
322,323,3,1,7,10,1,0,0,0,1,0,0
322,323,4,1,7,5,1,0,0,0,1,0,0
322,323,5,1,7,10,1,0,0,0,0,1,0
322,323,6,1,7,5,1,0,0,0,0,1,0
323,324,1,1,30,10,1,0,0,1,0,0,0
323,324,2,1,30,5,1,0,0,1,0,0,0
323,324,3,1,30,10,1,0,0,0,1,0,1
323,324,4,1,30,5,1,0,0,0,1,0,1
323,324,5,1,30,10,1,0,0,0,0,1,1
323,324,6,1,30,5,1,0,0,0,0,1,1
324,325,1,0,30,10,0,0,1,1,0,0,1
324,325,2,0,30,5,0,0,1,1,0,0,1
324,325,3,0,30,10,0,0,1,0,1,0,1
324,325,4,0,30,5,0,0,1,0,1,0,1
324,325,5,0,30,10,0,0,1,0,0,1,1
324,325,6,0,30,5,0,0,1,0,0,1,1
325,326,1,0,25,10,1,0,0,1,0,0,0
325,326,2,0,25,5,1,0,0,1,0,0,0
325,326,3,0,25,10,1,0,0,0,1,0,0
325,326,4,0,25,5,1,0,0,0,1,0,1
325,326,5,0,25,10,1,0,0,0,0,1,0
325,326,6,0,25,5,1,0,0,0,0,1,1
326,327,1,0,25,10,0,0,1,1,0,0,0
326,327,2,0,25,5,0,0,1,1,0,0,0
326,327,3,0,25,10,0,0,1,0,1,0,1
326,327,4,0,25,5,0,0,1,0,1,0,1
326,327,5,0,25,10,0,0,1,0,0,1,1
326,327,6,0,25,5,0,0,1,0,0,1,1
327,328,1,1,5,10,1,0,0,1,0,0,0
327,328,2,1,5,5,1,0,0,1,0,0,0
327,328,3,1,5,10,1,0,0,0,1,0,0
327,328,4,1,5,5,1,0,0,0,1,0,0
327,328,5,1,5,10,1,0,0,0,0,1,0
327,328,6,1,5,5,1,0,0,0,0,1,0
328,329,1,1,20,10,1,0,0,1,0,0,0
328,329,2,1,20,5,1,0,0,1,0,0,0
328,329,3,1,20,10,1,0,0,0,1,0,0
328,329,4,1,20,5,1,0,0,0,1,0,1
328,329,5,1,20,10,1,0,0,0,0,1,0
328,329,6,1,20,5,1,0,0,0,0,1,1
329,330,1,0,40,10,0,0,1,1,0,0,0
329,330,2,0,40,5,0,0,1,1,0,0,0
329,330,3,0,40,10,0,0,1,0,1,0,0
329,330,4,0,40,5,0,0,1,0,1,0,0
329,330,5,0,40,10,0,0,1,0,0,1,0
329,330,6,0,40,5,0,0,1,0,0,1,0
330,331,1,0,20,10,0,0,0,1,0,0,0
330,331,2,0,20,5,0,0,0,1,0,0,0
330,331,3,0,20,10,0,0,0,0,1,0,0
330,331,4,0,20,5,0,0,0,0,1,0,1
330,331,5,0,20,10,0,0,0,0,0,1,0
330,331,6,0,20,5,0,0,0,0,0,1,1
331,332,1,0,15,10,0,0,0,1,0,0,0
331,332,2,0,15,5,0,0,0,1,0,0,0
331,332,3,0,15,10,0,0,0,0,1,0,0
331,332,4,0,15,5,0,0,0,0,1,0,1
331,332,5,0,15,10,0,0,0,0,0,1,0
331,332,6,0,15,5,0,0,0,0,0,1,1
332,333,1,0,20,10,1,0,0,1,0,0,0
332,333,2,0,20,5,1,0,0,1,0,0,1
332,333,3,0,20,10,1,0,0,0,1,0,0
332,333,4,0,20,5,1,0,0,0,1,0,0
332,333,5,0,20,10,1,0,0,0,0,1,0
332,333,6,0,20,5,1,0,0,0,0,1,1
333,334,1,0,18,10,1,0,0,1,0,0,0
333,334,2,0,18,5,1,0,0,1,0,0,1
333,334,3,0,18,10,1,0,0,0,1,0,1
333,334,4,0,18,5,1,0,0,0,1,0,1
333,334,5,0,18,10,1,0,0,0,0,1,1
333,334,6,0,18,5,1,0,0,0,0,1,1
334,335,1,1,40,10,1,0,0,1,0,0,0
334,335,2,1,40,5,1,0,0,1,0,0,1
334,335,3,1,40,10,1,0,0,0,1,0,0
334,335,4,1,40,5,1,0,0,0,1,0,0
334,335,5,1,40,10,1,0,0,0,0,1,0
334,335,6,1,40,5,1,0,0,0,0,1,1
335,336,1,1,10,10,1,0,0,1,0,0,0
335,336,2,1,10,5,1,0,0,1,0,0,0
335,336,3,1,10,10,1,0,0,0,1,0,1
335,336,4,1,10,5,1,0,0,0,1,0,1
335,336,5,1,10,10,1,0,0,0,0,1,0
335,336,6,1,10,5,1,0,0,0,0,1,1
336,337,1,1,20,10,1,0,0,1,0,0,0
336,337,2,1,20,5,1,0,0,1,0,0,0
336,337,3,1,20,10,1,0,0,0,1,0,0
336,337,4,1,20,5,1,0,0,0,1,0,0
336,337,5,1,20,10,1,0,0,0,0,1,1
336,337,6,1,20,5,1,0,0,0,0,1,1
337,338,1,1,45,10,1,0,1,1,0,0,0
337,338,2,1,45,5,1,0,1,1,0,0,0
337,338,3,1,45,10,1,0,1,0,1,0,1
337,338,4,1,45,5,1,0,1,0,1,0,1
337,338,5,1,45,10,1,0,1,0,0,1,1
337,338,6,1,45,5,1,0,1,0,0,1,1
338,339,1,0,18,10,1,0,0,1,0,0,0
338,339,2,0,18,5,1,0,0,1,0,0,0
338,339,3,0,18,10,1,0,0,0,1,0,1
338,339,4,0,18,5,1,0,0,0,1,0,1
338,339,5,0,18,10,1,0,0,0,0,1,1
338,339,6,0,18,5,1,0,0,0,0,1,1
339,340,1,0,22,10,1,0,0,1,0,0,0
339,340,2,0,22,5,1,0,0,1,0,0,1
339,340,3,0,22,10,1,0,0,0,1,0,1
339,340,4,0,22,5,1,0,0,0,1,0,1
339,340,5,0,22,10,1,0,0,0,0,1,1
339,340,6,0,22,5,1,0,0,0,0,1,1
340,341,1,0,30,10,1,1,0,1,0,0,0
340,341,2,0,30,5,1,1,0,1,0,0,1
340,341,3,0,30,10,1,1,0,0,1,0,1
340,341,4,0,30,5,1,1,0,0,1,0,1
340,341,5,0,30,10,1,1,0,0,0,1,1
340,341,6,0,30,5,1,1,0,0,0,1,1
341,342,1,0,30,10,1,0,0,1,0,0,0
341,342,2,0,30,5,1,0,0,1,0,0,1
341,342,3,0,30,10,1,0,0,0,1,0,0
341,342,4,0,30,5,1,0,0,0,1,0,1
341,342,5,0,30,10,1,0,0,0,0,1,0
341,342,6,0,30,5,1,0,0,0,0,1,1
342,343,1,1,15,10,1,0,0,1,0,0,0
342,343,2,1,15,5,1,0,0,1,0,0,0
342,343,3,1,15,10,1,0,0,0,1,0,0
342,343,4,1,15,5,1,0,0,0,1,0,1
342,343,5,1,15,10,1,0,0,0,0,1,0
342,343,6,1,15,5,1,0,0,0,0,1,1
343,344,1,0,30,10,1,0,0,1,0,0,0
343,344,2,0,30,5,1,0,0,1,0,0,0
343,344,3,0,30,10,1,0,0,0,1,0,0
343,344,4,0,30,5,1,0,0,0,1,0,1
343,344,5,0,30,10,1,0,0,0,0,1,0
343,344,6,0,30,5,1,0,0,0,0,1,1
344,345,1,0,15,10,1,0,0,1,0,0,0
344,345,2,0,15,5,1,0,0,1,0,0,0
344,345,3,0,15,10,1,0,0,0,1,0,0
344,345,4,0,15,5,1,0,0,0,1,0,1
344,345,5,0,15,10,1,0,0,0,0,1,0
344,345,6,0,15,5,1,0,0,0,0,1,1
345,346,1,0,22,10,1,0,0,1,0,0,0
345,346,2,0,22,5,1,0,0,1,0,0,0
345,346,3,0,22,10,1,0,0,0,1,0,1
345,346,4,0,22,5,1,0,0,0,1,0,1
345,346,5,0,22,10,1,0,0,0,0,1,1
345,346,6,0,22,5,1,0,0,0,0,1,1
346,347,1,0,15,10,1,0,0,1,0,0,0
346,347,2,0,15,5,1,0,0,1,0,0,0
346,347,3,0,15,10,1,0,0,0,1,0,1
346,347,4,0,15,5,1,0,0,0,1,0,1
346,347,5,0,15,10,1,0,0,0,0,1,1
346,347,6,0,15,5,1,0,0,0,0,1,1
347,348,1,0,20,10,1,0,0,1,0,0,0
347,348,2,0,20,5,1,0,0,1,0,0,0
347,348,3,0,20,10,1,0,0,0,1,0,0
347,348,4,0,20,5,1,0,0,0,1,0,0
347,348,5,0,20,10,1,0,0,0,0,1,0
347,348,6,0,20,5,1,0,0,0,0,1,0
348,349,1,0,5,10,0,0,0,1,0,0,0
348,349,2,0,5,5,0,0,0,1,0,0,1
348,349,3,0,5,10,0,0,0,0,1,0,0
348,349,4,0,5,5,0,0,0,0,1,0,1
348,349,5,0,5,10,0,0,0,0,0,1,0
348,349,6,0,5,5,0,0,0,0,0,1,1
349,350,1,1,5,10,1,0,0,1,0,0,0
349,350,2,1,5,5,1,0,0,1,0,0,1
349,350,3,1,5,10,1,0,0,0,1,0,1
349,350,4,1,5,5,1,0,0,0,1,0,1
349,350,5,1,5,10,1,0,0,0,0,1,1
349,350,6,1,5,5,1,0,0,0,0,1,1
350,351,1,0,30,10,1,0,0,1,0,0,0
350,351,2,0,30,5,1,0,0,1,0,0,1
350,351,3,0,30,10,1,0,0,0,1,0,0
350,351,4,0,30,5,1,0,0,0,1,0,1
350,351,5,0,30,10,1,0,0,0,0,1,0
350,351,6,0,30,5,1,0,0,0,0,1,1
351,352,1,1,50,10,1,0,0,1,0,0,0
351,352,2,1,50,5,1,0,0,1,0,0,1
351,352,3,1,50,10,1,0,0,0,1,0,0
351,352,4,1,50,5,1,0,0,0,1,0,1
351,352,5,1,50,10,1,0,0,0,0,1,0
351,352,6,1,50,5,1,0,0,0,0,1,1
352,353,1,0,18,10,1,0,0,1,0,0,1
352,353,2,0,18,5,1,0,0,1,0,0,1
352,353,3,0,18,10,1,0,0,0,1,0,1
352,353,4,0,18,5,1,0,0,0,1,0,1
352,353,5,0,18,10,1,0,0,0,0,1,1
352,353,6,0,18,5,1,0,0,0,0,1,1
353,354,1,0,40,10,0,0,0,1,0,0,0
353,354,2,0,40,5,0,0,0,1,0,0,0
353,354,3,0,40,10,0,0,0,0,1,0,1
353,354,4,0,40,5,0,0,0,0,1,0,1
353,354,5,0,40,10,0,0,0,0,0,1,0
353,354,6,0,40,5,0,0,0,0,0,1,1
354,355,1,1,20,10,1,0,0,1,0,0,0
354,355,2,1,20,5,1,0,0,1,0,0,0
354,355,3,1,20,10,1,0,0,0,1,0,1
354,355,4,1,20,5,1,0,0,0,1,0,1
354,355,5,1,20,10,1,0,0,0,0,1,1
354,355,6,1,20,5,1,0,0,0,0,1,1
355,356,1,0,30,10,1,0,0,1,0,0,0
355,356,2,0,30,5,1,0,0,1,0,0,0
355,356,3,0,30,10,1,0,0,0,1,0,1
355,356,4,0,30,5,1,0,0,0,1,0,1
355,356,5,0,30,10,1,0,0,0,0,1,1
355,356,6,0,30,5,1,0,0,0,0,1,1
356,357,1,0,25,10,1,0,0,1,0,0,0
356,357,2,0,25,5,1,0,0,1,0,0,0
356,357,3,0,25,10,1,0,0,0,1,0,0
356,357,4,0,25,5,1,0,0,0,1,0,1
356,357,5,0,25,10,1,0,0,0,0,1,0
356,357,6,0,25,5,1,0,0,0,0,1,1
357,358,1,0,13,10,1,0,0,1,0,0,0
357,358,2,0,13,5,1,0,0,1,0,0,1
357,358,3,0,13,10,1,0,0,0,1,0,0
357,358,4,0,13,5,1,0,0,0,1,0,1
357,358,5,0,13,10,1,0,0,0,0,1,0
357,358,6,0,13,5,1,0,0,0,0,1,1
358,359,1,1,40,10,1,0,0,1,0,0,0
358,359,2,1,40,5,1,0,0,1,0,0,0
358,359,3,1,40,10,1,0,0,0,1,0,0
358,359,4,1,40,5,1,0,0,0,1,0,0
358,359,5,1,40,10,1,0,0,0,0,1,0
358,359,6,1,40,5,1,0,0,0,0,1,0
359,360,1,1,35,10,1,0,0,1,0,0,0
359,360,2,1,35,5,1,0,0,1,0,0,0
359,360,3,1,35,10,1,0,0,0,1,0,0
359,360,4,1,35,5,1,0,0,0,1,0,0
359,360,5,1,35,10,1,0,0,0,0,1,0
359,360,6,1,35,5,1,0,0,0,0,1,1
360,361,1,0,30,10,1,0,0,1,0,0,0
360,361,2,0,30,5,1,0,0,1,0,0,1
360,361,3,0,30,10,1,0,0,0,1,0,0
360,361,4,0,30,5,1,0,0,0,1,0,1
360,361,5,0,30,10,1,0,0,0,0,1,0
360,361,6,0,30,5,1,0,0,0,0,1,1
361,362,1,1,20,10,0,0,0,1,0,0,0
361,362,2,1,20,5,0,0,0,1,0,0,0
361,362,3,1,20,10,0,0,0,0,1,0,0
361,362,4,1,20,5,0,0,0,0,1,0,1
361,362,5,1,20,10,0,0,0,0,0,1,0
361,362,6,1,20,5,0,0,0,0,0,1,1
362,363,1,0,25,10,0,0,1,1,0,0,1
362,363,2,0,25,5,0,0,1,1,0,0,1
362,363,3,0,25,10,0,0,1,0,1,0,1
362,363,4,0,25,5,0,0,1,0,1,0,1
362,363,5,0,25,10,0,0,1,0,0,1,1
362,363,6,0,25,5,0,0,1,0,0,1,1
363,364,1,1,20,10,1,0,0,1,0,0,0
363,364,2,1,20,5,1,0,0,1,0,0,0
363,364,3,1,20,10,1,0,0,0,1,0,0
363,364,4,1,20,5,1,0,0,0,1,0,1
363,364,5,1,20,10,1,0,0,0,0,1,0
363,364,6,1,20,5,1,0,0,0,0,1,1
364,365,1,0,23,10,1,0,0,1,0,0,0
364,365,2,0,23,5,1,0,0,1,0,0,1
364,365,3,0,23,10,1,0,0,0,1,0,1
364,365,4,0,23,5,1,0,0,0,1,0,1
364,365,5,0,23,10,1,0,0,0,0,1,1
364,365,6,0,23,5,1,0,0,0,0,1,1
365,366,1,0,10,10,1,0,0,1,0,0,0
365,366,2,0,10,5,1,0,0,1,0,0,1
365,366,3,0,10,10,1,0,0,0,1,0,1
365,366,4,0,10,5,1,0,0,0,1,0,1
365,366,5,0,10,10,1,0,0,0,0,1,1
365,366,6,0,10,5,1,0,0,0,0,1,1
366,367,1,1,22,10,1,0,0,1,0,0,0
366,367,2,1,22,5,1,0,0,1,0,0,0
366,367,3,1,22,10,1,0,0,0,1,0,0
366,367,4,1,22,5,1,0,0,0,1,0,1
366,367,5,1,22,10,1,0,0,0,0,1,0
366,367,6,1,22,5,1,0,0,0,0,1,1
367,368,1,0,7,10,1,0,0,1,0,0,0
367,368,2,0,7,5,1,0,0,1,0,0,0
367,368,3,0,7,10,1,0,0,0,1,0,1
367,368,4,0,7,5,1,0,0,0,1,0,1
367,368,5,0,7,10,1,0,0,0,0,1,1
367,368,6,0,7,5,1,0,0,0,0,1,1
368,369,1,0,27,10,1,0,0,1,0,0,0
368,369,2,0,27,5,1,0,0,1,0,0,0
368,369,3,0,27,10,1,0,0,0,1,0,0
368,369,4,0,27,5,1,0,0,0,1,0,1
368,369,5,0,27,10,1,0,0,0,0,1,0
368,369,6,0,27,5,1,0,0,0,0,1,1
369,370,1,1,5,10,0,0,0,1,0,0,0
369,370,2,1,5,5,0,0,0,1,0,0,0
369,370,3,1,5,10,0,0,0,0,1,0,0
369,370,4,1,5,5,0,0,0,0,1,0,1
369,370,5,1,5,10,0,0,0,0,0,1,0
369,370,6,1,5,5,0,0,0,0,0,1,1
370,371,1,1,15,10,1,0,0,1,0,0,0
370,371,2,1,15,5,1,0,0,1,0,0,0
370,371,3,1,15,10,1,0,0,0,1,0,1
370,371,4,1,15,5,1,0,0,0,1,0,1
370,371,5,1,15,10,1,0,0,0,0,1,1
370,371,6,1,15,5,1,0,0,0,0,1,1
371,372,1,1,45,10,1,0,0,1,0,0,0
371,372,2,1,45,5,1,0,0,1,0,0,0
371,372,3,1,45,10,1,0,0,0,1,0,0
371,372,4,1,45,5,1,0,0,0,1,0,1
371,372,5,1,45,10,1,0,0,0,0,1,0
371,372,6,1,45,5,1,0,0,0,0,1,1
372,373,1,0,25,10,1,0,0,1,0,0,1
372,373,2,0,25,5,1,0,0,1,0,0,1
372,373,3,0,25,10,1,0,0,0,1,0,1
372,373,4,0,25,5,1,0,0,0,1,0,1
372,373,5,0,25,10,1,0,0,0,0,1,1
372,373,6,0,25,5,1,0,0,0,0,1,1
373,374,1,0,8,10,1,0,0,1,0,0,1
373,374,2,0,8,5,1,0,0,1,0,0,1
373,374,3,0,8,10,1,0,0,0,1,0,1
373,374,4,0,8,5,1,0,0,0,1,0,1
373,374,5,0,8,10,1,0,0,0,0,1,1
373,374,6,0,8,5,1,0,0,0,0,1,1
